od_id,district,margin_target_m,od_margin_m,direct_km,chord_m,n_candidates,n_avoid_in_buffer,gamma,k_requested,k_effective,orig_cross_m,v2_cross_m,diff_m,orig_dist_km,v2_dist_km,dist_delta_km,orig_cross_ratio_pct,v2_cross_ratio_pct,n_swaps,hard_case,best_from_attempt
V125,ganghwa,500,504.9029006371958,1.9233688233615964,677.824280286483,12,0,1.0,2,2,176.4618279932182,0.0,-176.4618279932182,5.193,5.777,0.5840000000000005,3.398071018548396,0.0,1,False,1
V126,junggu,100,102.85314570663223,1.8431781160888856,1710.4903818325033,6,3,1.0,2,2,3309.9088953309265,1593.072082439098,-1716.8368128918285,3.027,3.243,0.21599999999999975,109.34618088308315,49.12340679738199,4,True,0
V127,donggu,300,312.048448758894,1.8432038385598328,946.9617511022738,23,5,1.0,2,2,691.6194917922895,691.6194917922895,0.0,2.065,2.065,0.0,33.49246933618835,33.49246933618835,5,True,0
V128,michuhol,500,499.9776379020535,1.6428743838849922,418.36729565696584,43,0,1.0,2,2,444.29298014999165,0.0,-444.29298014999165,4.033,2.967,-1.0660000000000003,11.016438882965327,0.0,0,False,0
V129,yeonsu,100,107.76627501611813,1.00175025726426,809.8318189603434,6,0,1.0,2,2,0.0,0.0,0.0,3.475,3.475,0.0,0.0,0.0,0,False,0
V130,namdong,300,339.20955448990907,1.7630859507843684,1154.7814515176756,16,1,1.0,2,2,15.170341122188542,15.170341122188542,0.0,3.743,3.743,0.0,0.4052989880360284,0.4052989880360284,5,True,0
V131,bupyeong,500,502.52963488611715,2.364141539825598,582.8845816032198,8,0,1.0,2,2,179.2043147401568,336.87168567392723,157.66737093377043,3.532,4.576,1.0439999999999996,5.073734845417803,7.361706417699458,5,True,0
V132,gyeyang,100,111.34020530854065,1.8833011443500307,237.14048180966233,43,8,1.0,2,2,770.0962241957264,375.08385193701093,-395.0123722587155,3.438,2.379,-1.0590000000000002,22.39954113425615,15.766450270576332,5,True,1
V133,seogu,300,304.44795913874907,2.965142768502553,2536.814798485453,5,3,1.0,2,2,2709.6709643330187,1993.7433869818374,-715.9275773511813,4.592,4.319,-0.2729999999999997,59.00851403164239,46.162152974805224,3,True,0
V134,ganghwa,500,521.9303158451809,2.003531245391317,1445.9335443068628,13,0,1.0,2,2,389.22348709604915,0.0,-389.22348709604915,5.837,6.507,0.6699999999999999,6.6682111888992495,0.0,2,False,2
V135,junggu,100,100.37364416366168,1.8031339040962786,1617.0372237443496,6,3,1.0,2,2,2225.9411712953697,1366.6778744858477,-859.263296809522,2.265,2.953,0.6879999999999997,98.27554840156158,46.28099812007612,4,True,1
V136,donggu,300,301.0225234718617,3.8066567677767953,1947.4193964536644,27,6,1.0,2,2,3936.465986849085,3936.465986849085,0.0,8.007,8.007,0.0,49.162807379156796,49.162807379156796,5,True,0
V137,michuhol,500,514.14188244481,2.804818226623092,1930.3128278307354,36,0,1.0,2,2,1917.7519343185825,1762.7863004697228,-154.96563384885962,7.379,5.886,-1.4929999999999994,25.989320156099506,29.94879885269662,5,True,0
V138,yeonsu,100,113.81339533663811,1.4024675987693918,1250.3624598620665,6,0,1.0,2,2,2254.796873315026,1773.395701644818,-481.401171670208,4.379,4.594,0.21500000000000075,51.49113663656145,38.602431468106616,4,True,0
V139,namdong,300,310.37109407036,2.9651407720865532,2483.3606454966207,3,0,1.0,2,2,0.0,0.0,0.0,4.706,5.677,0.9709999999999992,0.0,0.0,0,False,0
V140,bupyeong,500,505.3173421217483,2.6846908085942496,914.0923325479531,9,0,1.0,2,2,1285.2950285121187,615.1034326576616,-670.1915958544571,4.377,6.939,2.5620000000000003,29.36474819538768,8.864439150564369,5,True,4
V141,gyeyang,100,114.86036074819607,1.402460990414702,615.04153267131,17,5,1.0,2,2,585.807868646108,438.0112427059171,-147.7966259401909,4.744,3.927,-0.8169999999999997,12.34839520754865,11.15383862250871,5,True,0
V142,seogu,300,318.7331277669804,2.7648379469520497,1717.7936000101533,5,3,1.0,2,2,2421.1666663913134,2405.440471995611,-15.72619439570235,4.978,4.982,0.004000000000000448,48.6373376133249,48.28262689674049,3,True,0
V143,ganghwa,500,502.30479232972294,1.8432373884077613,742.7669643513433,11,0,1.0,2,2,176.4618279932182,0.0,-176.4618279932182,7.035,5.31,-1.7250000000000005,2.508341549299477,0.0,1,False,1
V145,donggu,300,318.11479781072023,3.5661523134476,1709.4903146380368,48,8,1.0,2,2,3286.630467514972,1233.3580975911113,-2053.272369923861,4.547,4.475,-0.07200000000000006,72.28129464515004,27.56107480650528,5,True,0
V146,michuhol,500,502.9220324370859,2.284015971657392,565.958901681219,41,0,1.0,2,2,0.0,0.0,0.0,3.836,3.836,0.0,0.0,0.0,0,False,0
V147,yeonsu,100,128.50433332717668,1.9233924539107818,2129.0025090717418,6,0,1.0,2,2,3108.278577399492,2626.8774057292844,-481.40117167020753,6.203,5.657,-0.5460000000000003,50.10927901659667,46.4358742395136,4,True,3
V148,namdong,300,307.9100182451143,2.764960492838813,2357.916570092196,9,4,1.0,2,2,2626.5849847875984,2221.9005454255735,-404.68443936202493,4.894,4.614,-0.28000000000000025,53.66949294621165,48.155625171772286,5,True,0
V149,bupyeong,500,515.8395262468633,3.3258184890956732,2027.7172821038216,15,0,1.0,2,2,2438.431019888351,139.7761001871002,-2298.6549197012505,9.826,5.504,-4.322000000000001,24.81611052196571,2.5395367039807453,5,True,1
