od_id,district,group,direct_km,gamma,orig_cross_m,v2_cross_m,diff_m,orig_dist_km,v2_dist_km,dist_delta_km,n_swaps,hard_case,best_from_attempt
R050,bupyeong,adjacent,3.978489732287078,0.5,4067.040266213364,2559.3052943329985,-1507.7349718803653,10.796,8.01,-2.7859999999999996,5,True,0
R050,bupyeong,adjacent,3.978489732287078,1.0,4067.040266213364,2559.3052943329985,-1507.7349718803653,10.796,8.01,-2.7859999999999996,5,True,0
R050,bupyeong,adjacent,3.978489732287078,2.0,4067.040266213364,2559.3052943329985,-1507.7349718803653,10.796,8.01,-2.7859999999999996,5,True,0
R050,bupyeong,adjacent,3.978489732287078,5.0,4067.040266213364,2559.3052943329985,-1507.7349718803653,10.796,8.01,-2.7859999999999996,5,True,1
R051,yeonsu,adjacent,3.714197002494919,0.5,2779.62382901013,2779.62382901013,0.0,7.555,5.839,-1.7159999999999993,5,True,0
R051,yeonsu,adjacent,3.714197002494919,1.0,2779.62382901013,2779.62382901013,0.0,7.555,5.989,-1.5659999999999998,5,True,0
R051,yeonsu,adjacent,3.714197002494919,2.0,2779.62382901013,2779.62382901013,0.0,7.555,5.88,-1.6749999999999998,5,True,0
R051,yeonsu,adjacent,3.714197002494919,5.0,2779.62382901013,2779.62382901013,0.0,7.555,5.88,-1.6749999999999998,5,True,0
R052,ganghwa,separated,2.1713922062714546,0.5,0.0,0.0,0.0,6.437,6.437,0.0,0,False,0
R052,ganghwa,separated,2.1713922062714546,1.0,0.0,0.0,0.0,6.437,6.437,0.0,0,False,0
R052,ganghwa,separated,2.1713922062714546,2.0,0.0,0.0,0.0,6.437,6.437,0.0,0,False,0
R052,ganghwa,separated,2.1713922062714546,5.0,0.0,0.0,0.0,6.437,6.437,0.0,0,False,0
R053,michuhol,adjacent,3.857194660316411,0.5,11.99741215253586,11.99741215253586,0.0,6.716,6.716,0.0,5,True,0
R053,michuhol,adjacent,3.857194660316411,1.0,11.99741215253586,11.99741215253586,0.0,6.716,6.716,0.0,5,True,0
R053,michuhol,adjacent,3.857194660316411,2.0,11.99741215253586,11.99741215253586,0.0,6.716,6.716,0.0,5,True,0
R053,michuhol,adjacent,3.857194660316411,5.0,11.99741215253586,11.99741215253586,0.0,6.716,6.716,0.0,5,True,0
R054,yeonsu,separated,3.374508546360954,0.5,0.0,0.0,0.0,5.265,5.265,0.0,0,False,0
R054,yeonsu,separated,3.374508546360954,1.0,0.0,0.0,0.0,5.265,5.265,0.0,0,False,0
R054,yeonsu,separated,3.374508546360954,2.0,0.0,0.0,0.0,5.265,5.265,0.0,0,False,0
R054,yeonsu,separated,3.374508546360954,5.0,0.0,0.0,0.0,5.265,5.265,0.0,0,False,0
R055,seogu,adjacent,3.669545289384143,0.5,2852.5909817398856,1784.369716613432,-1068.2212651264535,5.179,8.116,2.9369999999999994,4,True,0
R055,seogu,adjacent,3.669545289384143,1.0,2852.5909817398856,1784.369716613432,-1068.2212651264535,5.179,8.116,2.9369999999999994,4,True,0
R055,seogu,adjacent,3.669545289384143,2.0,2852.5909817398856,2250.3033439687383,-602.2876377711473,5.179,7.442,2.263,4,True,0
R055,seogu,adjacent,3.669545289384143,5.0,2852.5909817398856,2250.3033439687383,-602.2876377711473,5.179,7.442,2.263,4,True,0
R056,bupyeong,adjacent,1.3056568656643361,0.5,1920.4056405679726,1521.8576007792558,-398.5480397887168,6.341,5.55,-0.7910000000000004,3,True,0
R056,bupyeong,adjacent,1.3056568656643361,1.0,1920.4056405679726,1521.8576007792558,-398.5480397887168,6.341,5.55,-0.7910000000000004,3,True,0
R056,bupyeong,adjacent,1.3056568656643361,2.0,1920.4056405679726,1521.8576007792558,-398.5480397887168,6.341,5.55,-0.7910000000000004,3,True,0
R056,bupyeong,adjacent,1.3056568656643361,5.0,1920.4056405679726,1521.8576007792558,-398.5480397887168,6.341,5.55,-0.7910000000000004,3,True,0
R058,yeonsu,separated,1.2527008278414045,0.5,0.0,0.0,0.0,2.853,2.853,0.0,0,False,0
R058,yeonsu,separated,1.2527008278414045,1.0,0.0,0.0,0.0,2.853,2.853,0.0,0,False,0
R058,yeonsu,separated,1.2527008278414045,2.0,0.0,0.0,0.0,2.853,2.853,0.0,0,False,0
R058,yeonsu,separated,1.2527008278414045,5.0,0.0,0.0,0.0,2.853,2.853,0.0,0,False,0
R059,michuhol,separated,1.3359294020277048,0.5,0.0,0.0,0.0,3.364,3.364,0.0,0,False,0
R059,michuhol,separated,1.3359294020277048,1.0,0.0,0.0,0.0,3.364,3.364,0.0,0,False,0
R059,michuhol,separated,1.3359294020277048,2.0,0.0,0.0,0.0,3.364,3.364,0.0,0,False,0
R059,michuhol,separated,1.3359294020277048,5.0,0.0,0.0,0.0,3.364,3.364,0.0,0,False,0
R060,ganghwa,adjacent,1.3549539964931485,0.5,1489.3901767522088,0.0,-1489.3901767522088,5.12,7.214,2.0940000000000003,1,False,1
R060,ganghwa,adjacent,1.3549539964931485,1.0,1489.3901767522088,0.0,-1489.3901767522088,5.12,7.214,2.0940000000000003,1,False,1
R060,ganghwa,adjacent,1.3549539964931485,2.0,1489.3901767522088,0.0,-1489.3901767522088,5.12,5.648,0.5279999999999996,1,False,1
R060,ganghwa,adjacent,1.3549539964931485,5.0,1489.3901767522088,0.0,-1489.3901767522088,5.12,5.648,0.5279999999999996,1,False,1
R061,namdong,separated,2.12832962048861,0.5,0.0,0.0,0.0,7.715,7.715,0.0,0,False,0
R061,namdong,separated,2.12832962048861,1.0,0.0,0.0,0.0,7.715,7.715,0.0,0,False,0
R061,namdong,separated,2.12832962048861,2.0,0.0,0.0,0.0,7.715,7.715,0.0,0,False,0
R061,namdong,separated,2.12832962048861,5.0,0.0,0.0,0.0,7.715,7.715,0.0,0,False,0
R062,michuhol,adjacent,1.2235345702555052,0.5,595.5212053725385,595.5212053725385,0.0,4.621,4.621,0.0,5,True,0
R062,michuhol,adjacent,1.2235345702555052,1.0,595.5212053725385,595.5212053725385,0.0,4.621,5.181,0.5599999999999996,5,True,0
R062,michuhol,adjacent,1.2235345702555052,2.0,595.5212053725385,595.5212053725385,0.0,4.621,5.181,0.5599999999999996,5,True,0
R062,michuhol,adjacent,1.2235345702555052,5.0,595.5212053725385,595.5212053725385,0.0,4.621,4.808,0.1869999999999994,5,True,0
R063,donggu,adjacent,1.1383318017416453,0.5,1600.1555320009052,1085.6204937082784,-514.5350382926267,4.006,3.671,-0.3350000000000004,5,True,0
R063,donggu,adjacent,1.1383318017416453,1.0,1600.1555320009052,1085.6204937082784,-514.5350382926267,4.006,3.671,-0.3350000000000004,5,True,0
R063,donggu,adjacent,1.1383318017416453,2.0,1600.1555320009052,1085.6204937082784,-514.5350382926267,4.006,3.435,-0.5710000000000002,5,True,0
R063,donggu,adjacent,1.1383318017416453,5.0,1600.1555320009052,1085.6204937082784,-514.5350382926267,4.006,3.716,-0.29000000000000004,5,True,2
R064,michuhol,adjacent,2.86540665859341,0.5,3227.988357553072,3227.988357553072,0.0,5.86,5.86,0.0,0,True,0
R064,michuhol,adjacent,2.86540665859341,1.0,3227.988357553072,3227.988357553072,0.0,5.86,5.86,0.0,0,True,0
R064,michuhol,adjacent,2.86540665859341,2.0,3227.988357553072,3227.988357553072,0.0,5.86,5.86,0.0,0,True,0
R064,michuhol,adjacent,2.86540665859341,5.0,3227.988357553072,4294.256603317246,1066.268245764174,5.86,6.353,0.49299999999999944,0,True,0
R065,bupyeong,adjacent,1.2353695340059312,0.5,3773.196256059618,1950.510994561323,-1822.685261498295,8.262,6.154,-2.1080000000000005,2,True,1
R065,bupyeong,adjacent,1.2353695340059312,1.0,3773.196256059618,1950.510994561323,-1822.685261498295,8.262,6.154,-2.1080000000000005,2,True,1
R065,bupyeong,adjacent,1.2353695340059312,2.0,3773.196256059618,1950.510994561323,-1822.685261498295,8.262,6.154,-2.1080000000000005,2,True,1
R065,bupyeong,adjacent,1.2353695340059312,5.0,3773.196256059618,1950.510994561323,-1822.685261498295,8.262,6.154,-2.1080000000000005,2,True,1
R066,namdong,separated,1.9320010719605456,0.5,0.0,0.0,0.0,3.92,3.92,0.0,0,False,0
R066,namdong,separated,1.9320010719605456,1.0,0.0,0.0,0.0,3.92,3.92,0.0,0,False,0
R066,namdong,separated,1.9320010719605456,2.0,0.0,0.0,0.0,3.92,3.92,0.0,0,False,0
R066,namdong,separated,1.9320010719605456,5.0,0.0,0.0,0.0,3.92,3.92,0.0,0,False,0
R067,yeonsu,adjacent,3.8051431635620694,0.5,1919.434204860966,1594.6272465537584,-324.80695830720765,7.637,9.186,1.5490000000000004,5,True,0
R067,yeonsu,adjacent,3.8051431635620694,1.0,1919.434204860966,1594.6272465537584,-324.80695830720765,7.637,9.186,1.5490000000000004,5,True,0
R067,yeonsu,adjacent,3.8051431635620694,2.0,1919.434204860966,1594.6272465537584,-324.80695830720765,7.637,9.186,1.5490000000000004,5,True,0
R067,yeonsu,adjacent,3.8051431635620694,5.0,1919.434204860966,1594.6272465537584,-324.80695830720765,7.637,8.518,0.8810000000000011,5,True,1
R068,donggu,adjacent,3.5327265434784865,0.5,0.0,0.0,0.0,7.29,7.29,0.0,0,False,0
R068,donggu,adjacent,3.5327265434784865,1.0,0.0,0.0,0.0,7.29,7.29,0.0,0,False,0
R068,donggu,adjacent,3.5327265434784865,2.0,0.0,0.0,0.0,7.29,7.29,0.0,0,False,0
R068,donggu,adjacent,3.5327265434784865,5.0,0.0,0.0,0.0,7.29,7.29,0.0,0,False,0
R069,ganghwa,adjacent,3.600478813340895,0.5,0.0,0.0,0.0,7.545,7.545,0.0,0,False,0
R069,ganghwa,adjacent,3.600478813340895,1.0,0.0,0.0,0.0,7.545,7.545,0.0,0,False,0
R069,ganghwa,adjacent,3.600478813340895,2.0,0.0,0.0,0.0,7.545,6.781,-0.7640000000000002,0,False,0
R069,ganghwa,adjacent,3.600478813340895,5.0,0.0,0.0,0.0,7.545,6.859,-0.6859999999999999,0,False,0
R070,ganghwa,separated,1.3899453896318061,0.5,0.0,0.0,0.0,8.684,8.684,0.0,0,False,0
R070,ganghwa,separated,1.3899453896318061,1.0,0.0,0.0,0.0,8.684,8.684,0.0,0,False,0
R070,ganghwa,separated,1.3899453896318061,2.0,0.0,0.0,0.0,8.684,8.684,0.0,0,False,0
R070,ganghwa,separated,1.3899453896318061,5.0,0.0,0.0,0.0,8.684,8.684,0.0,0,False,0
R071,michuhol,adjacent,2.5649869578996918,0.5,0.0,0.0,0.0,7.929,7.929,0.0,0,False,0
R071,michuhol,adjacent,2.5649869578996918,1.0,0.0,0.0,0.0,7.929,7.929,0.0,0,False,0
R071,michuhol,adjacent,2.5649869578996918,2.0,0.0,0.0,0.0,7.929,7.929,0.0,0,False,0
R071,michuhol,adjacent,2.5649869578996918,5.0,0.0,0.0,0.0,7.929,7.929,0.0,0,False,0
R072,donggu,adjacent,2.214232720172342,0.5,4128.454133842359,3086.2083333582787,-1042.24580048408,6.514,6.663,0.14900000000000002,5,True,1
R072,donggu,adjacent,2.214232720172342,1.0,4128.454133842359,3329.9565848519733,-798.4975489903854,6.514,6.574,0.05999999999999961,5,True,1
R072,donggu,adjacent,2.214232720172342,2.0,4128.454133842359,3329.9565848519733,-798.4975489903854,6.514,5.089,-1.4249999999999998,5,True,0
R072,donggu,adjacent,2.214232720172342,5.0,4128.454133842359,3086.2083333582787,-1042.24580048408,6.514,5.366,-1.1480000000000006,5,True,0
R073,seogu,adjacent,1.6417705333251464,0.5,1372.610423283971,1372.610423283971,0.0,3.293,3.619,0.32600000000000007,5,True,0
R073,seogu,adjacent,1.6417705333251464,1.0,1372.610423283971,1372.610423283971,0.0,3.293,3.647,0.35399999999999965,5,True,0
R073,seogu,adjacent,1.6417705333251464,2.0,1372.610423283971,1372.610423283971,0.0,3.293,3.841,0.548,5,True,0
R073,seogu,adjacent,1.6417705333251464,5.0,1372.610423283971,1372.610423283971,0.0,3.293,3.804,0.5109999999999997,5,True,0
R074,seogu,adjacent,2.8712935093614056,0.5,2980.947190597391,2915.506557662875,-65.44063293451609,10.161,7.0,-3.1609999999999996,2,True,2
R074,seogu,adjacent,2.8712935093614056,1.0,2980.947190597391,2915.506557662875,-65.44063293451609,10.161,7.0,-3.1609999999999996,2,True,2
R074,seogu,adjacent,2.8712935093614056,2.0,2980.947190597391,2915.506557662875,-65.44063293451609,10.161,7.0,-3.1609999999999996,2,True,2
R074,seogu,adjacent,2.8712935093614056,5.0,2980.947190597391,2915.506557662875,-65.44063293451609,10.161,7.0,-3.1609999999999996,2,True,2
