gamma,group,n,n_orig_crossing,mean_swaps,hard_case_pct,total_reduction_pct,mean_reduction_pct,n_worse_vs_orig,mean_dist_delta_km,mean_residual_m
0.5,adjacent,48,37,3.1666666666666665,70.83333333333334,19.134064582041393,23.723990691068256,1,-0.21760416666666674,1381.059022296252
0.5,separated,50,1,0.0,0.0,100.0,100.0,0,0.03886,0.0
0.5,overall,98,38,1.5510204081632653,34.69387755102041,19.79711911129444,25.73125409393488,1,-0.08675510204081636,676.437072145103
1.0,adjacent,48,37,3.125,70.83333333333334,20.524364727805754,24.71294422972555,1,-0.2172708333333334,1357.314950703144
1.0,separated,50,1,0.02,0.0,100.0,100.0,0,0.04262,0.0
1.0,overall,98,38,1.5408163265306123,34.69387755102041,21.176019589152833,26.694182539469615,1,-0.08467346938775516,664.8073227933767
2.0,adjacent,48,37,3.125,70.83333333333334,20.25699944095326,24.42192440764668,1,-0.25391666666666673,1361.881116168837
2.0,separated,50,1,0.0,0.0,100.0,100.0,0,0.04262,0.0
2.0,overall,98,38,1.530612244897959,34.69387755102041,20.910846545096966,26.410821133761242,1,-0.10262244897959186,667.0438120010631
5.0,adjacent,48,37,3.125,70.83333333333334,17.885154923552193,23.09581621360952,3,0.18781249999999997,1402.3883736847529
5.0,separated,50,1,0.0,0.0,100.0,100.0,0,0.13746000000000003,0.0
5.0,overall,98,38,1.530612244897959,34.69387755102041,18.55844979939134,25.11961052377769,3,0.16212244897959183,686.8841013966137
