district,orig_cross_m,orig_dist_km,orig_ratio_pct,v2_cross_m,v2_dist_km,v2_ratio_pct,diff_m,n_swaps,hard_case,elapsed_ms
ganghwa,0.0,14.777,0.0,0.0,14.777,0.0,0.0,0,False,145.99967002868652
junggu,1973.3062759659226,4.868,35.33345961679512,1243.0383288524843,4.829,22.083418405976147,-730.2679471134384,5,True,797.5771427154541
donggu,190.9368365335415,7.398,2.2618702901289263,190.9368365335415,6.064,2.7886069858023865,0.0,5,True,887.9990577697754
michuhol,0.0,5.09,0.0,0.0,5.09,0.0,0.0,0,False,164.95490074157715
seogu,0.0,8.847,0.0,0.0,8.847,0.0,0.0,0,False,161.99994087219238
yeonsu,0.0,5.858,0.0,0.0,5.858,0.0,0.0,0,False,127.00057029724121
namdong,0.0,9.91,0.0,0.0,9.91,0.0,0.0,0,False,140.99979400634766
bupyeong,0.0,5.044,0.0,0.0,5.044,0.0,0.0,0,False,128.9992332458496
gyeyang,0.0,6.145,0.0,0.0,6.145,0.0,0.0,0,False,126.00088119506836
