od_id,district,margin_target_m,od_margin_m,direct_km,chord_m,n_candidates,n_avoid_in_buffer,gamma,orig_cross_m,v2_cross_m,diff_m,orig_dist_km,v2_dist_km,dist_delta_km,orig_cross_ratio_pct,v2_cross_ratio_pct,n_swaps,hard_case,best_from_attempt
V075,yeonsu,100,104.44032321970072,1.1620295567282217,933.9061413607088,9,0,1.0,0.0,0.0,0.0,4.358,4.737,0.37900000000000045,0.0,0.0,0,False,0
V076,namdong,300,301.97941640307516,2.2840498291243523,739.9009679618673,5,4,1.0,1585.0114283500704,1124.2117737843707,-460.7996545656997,3.492,6.079,2.5869999999999997,45.389788898913814,18.493366898903943,2,True,0
V077,bupyeong,500,521.3017879988463,2.4843441622409905,1399.4363268808754,7,2,1.0,646.6986320410018,646.6986320410018,0.0,4.83,5.804,0.9740000000000002,13.389205632318879,11.142292075137867,4,True,0
V078,gyeyang,100,100.32335272236173,2.7649777510377556,2810.6747596643336,46,8,1.0,2843.9518045670065,2843.9518045670065,0.0,5.715,7.553,1.838,49.762936212896,37.65327425614996,5,True,0
V079,seogu,300,311.0038826123365,2.2840016044644402,1565.8037441499494,39,7,1.0,1762.7863004697228,1762.7863004697228,0.0,3.44,3.44,0.0,51.2437878043524,51.2437878043524,5,True,0
V080,ganghwa,500,514.2441470133265,1.442533985622211,541.6291170263542,19,0,1.0,740.9481690618624,0.0,-740.9481690618624,5.698,6.759,1.061,13.003653370689056,0.0,5,False,5
V081,junggu,100,105.63159168158231,1.6028073427163536,1121.9028292463456,5,1,1.0,4654.722328560472,4122.054006223394,-532.6683223370783,7.209,6.178,-1.0309999999999997,64.5682109662987,66.72149573038838,2,True,0
V082,donggu,300,324.66676724321144,3.2455648896561167,3091.644872495746,19,3,1.0,3544.042490269875,2184.6460841571243,-1359.3964061127508,6.361,6.014,-0.34699999999999953,55.71517827809897,36.32600738538617,5,True,2
V083,michuhol,500,502.0433239662105,2.324060845265705,186.2170064463904,53,0,1.0,0.0,0.0,0.0,8.794,10.752,1.9580000000000002,0.0,0.0,0,False,0
V084,yeonsu,100,104.00146572070632,1.3223301295592371,1129.489272937131,6,0,1.0,0.0,0.0,0.0,4.577,5.235,0.6580000000000004,0.0,0.0,0,False,0
V085,namdong,300,315.8243334832333,3.365919521018054,2826.032712256714,11,4,1.0,4358.21474681771,1971.266131341823,-2386.948615475887,10.053,7.98,-2.0730000000000004,43.35237985494589,24.70258309952159,5,True,0
V086,bupyeong,500,515.8567617973871,3.2455363403873276,2055.185443822557,11,2,1.0,1506.089543149078,2094.2892473328507,588.1997041837726,6.567,5.031,-1.5360000000000005,22.93420958046411,41.62769324851621,5,True,3
V087,gyeyang,100,111.46842700626493,1.4425332049626776,1126.7194005873232,10,0,1.0,0.0,0.0,0.0,8.063,5.678,-2.3850000000000007,0.0,0.0,0,False,0
V088,seogu,300,329.0254621004888,2.9652446445508986,2922.939104744825,5,3,1.0,3631.1329830097734,3373.6669714361033,-257.46601157367013,5.041,4.706,-0.33499999999999996,72.03199728247914,71.688630927244,2,True,0
V089,ganghwa,500,518.7193118469676,1.3223179374763085,276.50427220561284,17,0,1.0,116.6834379750592,354.0419704642404,237.35853248918121,4.921,5.586,0.665,2.3711326554574113,6.33802310175869,5,True,0
V090,junggu,100,102.63619919653932,1.723039666458317,1229.6911368396823,5,1,1.0,5235.485722712582,4468.389593278753,-767.0961294338294,6.769,5.699,-1.0700000000000003,77.34503948460012,78.40655541812166,2,True,0
V091,donggu,300,309.07267049191796,2.1237288208526266,1038.9479484611109,23,5,1.0,1418.5164919508943,1958.765067280908,540.2485753300136,3.461,4.77,1.3089999999999997,40.9857408827187,41.06425717570038,5,True,5
V092,michuhol,500,511.47160787714296,2.243949199824158,642.2717842973335,41,0,1.0,0.0,0.0,0.0,4.82,4.596,-0.2240000000000002,0.0,0.0,0,False,0
V093,yeonsu,100,105.08596621130464,1.1219643475831123,843.5963476013154,11,0,1.0,0.0,0.0,0.0,4.759,5.639,0.8799999999999999,0.0,0.0,0,False,0
V094,namdong,300,320.83264195997805,2.3641395422246796,1246.3048699424462,17,4,1.0,1701.4937863110822,0.0,-1701.4937863110822,3.839,5.967,2.1279999999999997,44.32127601748065,0.0,0,False,0
V095,bupyeong,500,503.87151518266023,3.966986735827062,2083.75976870766,13,2,1.0,2358.87578448426,1553.367048676523,-805.5087358077369,5.781,6.45,0.6690000000000005,40.80394022633212,24.083210057000358,5,True,0
V096,gyeyang,100,114.58973170427258,1.5226768315679313,1111.3446699392798,7,0,1.0,438.0112427059171,12.741353045841135,-425.26988966007593,8.46,8.293,-0.1670000000000016,5.177437857043937,0.15363985344074685,4,True,2
V097,seogu,300,305.635486685993,2.4042248979466274,1362.8992738992483,12,0,1.0,105.76228011041648,105.76228011041648,0.0,7.506,7.751,0.2450000000000001,1.4090365056010723,1.3644985177450197,5,True,0
V098,ganghwa,500,503.4080778779283,1.8031555345182364,379.66945299388607,12,0,1.0,1489.3901767522088,0.0,-1489.3901767522088,7.861,6.793,-1.0679999999999996,18.946573931461757,0.0,1,False,1
