od_id,group,district_label,m1,m2,m3,nearest_m,direct_km,n_cand_labeled,fallback_labeled,ok_labeled,meanSi_labeled,n_cand_m1,fallback_m1,ok_m1,meanSi_m1,n_cand_m2,fallback_m2,ok_m2,meanSi_m2,n_cand_m3,fallback_m3,ok_m3,meanSi_m3,n_cand_nofilter,fallback_nofilter,ok_nofilter,meanSi_nofilter,same_m1,ncommon_m1,same_m2,ncommon_m2,same_m3,ncommon_m3,same_nofilter,ncommon_nofilter,truth,truth_status,gap_to_poly_km,O_lat,O_lon
V000,adjacent,junggu,junggu,junggu,junggu,1703.384199507023,2.724763531902906,30,False,True,3.25,30,False,True,3.25,30,False,True,3.25,30,False,True,3.25,53,False,True,3.25,True,2,True,2,True,2,True,2,,미포함,0.13574162503921142,37.479571115664,126.59787073785321
V001,adjacent,donggu,donggu,donggu,donggu,600.707853220078,1.682940488559914,22,False,True,2.25,22,False,True,2.25,22,False,True,2.25,22,False,True,2.25,43,False,True,3.0,True,2,True,2,True,2,False,0,,미포함,0.32891601835249096,37.492691976760135,126.61572666015573
V002,adjacent,michuhol,yeonsu,yeonsu,yeonsu,923.7409089840666,2.003511180985517,43,False,True,3.25,2,False,True,3.5,2,False,True,3.5,2,False,True,3.5,46,False,True,3.25,False,0,False,0,False,0,True,2,michuhol,포함,0.0,37.43556091655667,126.63989672736194
V003,adjacent,yeonsu,yeonsu,yeonsu,yeonsu,1218.1311359483484,1.0819095982347362,6,False,True,2.5,6,False,True,2.5,6,False,True,2.5,6,False,True,2.5,6,False,True,2.5,True,2,True,2,True,2,True,2,yeonsu,포함,0.0,37.41751981447765,126.62474797422969
V004,adjacent,namdong,namdong,namdong,namdong,296.7243013323916,1.001751652348191,8,False,True,1.5,8,False,True,1.5,8,False,True,1.5,8,False,True,1.5,8,False,True,1.5,True,2,True,2,True,2,True,2,,미포함,0.24598352045698418,37.399521316581286,126.74566138152191
V005,adjacent,bupyeong,bupyeong,bupyeong,bupyeong,109.88382743190158,2.7248443693807136,7,False,True,2.75,7,False,True,2.75,7,False,True,2.75,7,False,True,2.75,95,False,True,3.5,True,2,True,2,True,2,False,0,bupyeong,포함,0.0,37.47454090897241,126.69738454953297
V006,adjacent,gyeyang,bupyeong,gyeyang,gyeyang,347.5304915364534,1.121960689320882,34,False,True,4.75,5,False,True,1.0,34,False,True,4.75,34,False,True,4.75,39,False,True,4.75,False,0,True,2,True,2,True,2,bupyeong,포함,0.0,37.52160216667911,126.73324365761388
V007,adjacent,seogu,seogu,seogu,seogu,557.2516861956723,2.283998395777265,29,False,True,7.0,29,False,True,7.0,29,False,True,7.0,29,False,True,7.0,83,False,True,7.0,True,2,True,2,True,2,True,2,bupyeong,포함,0.0,37.48192259901045,126.6912830031214
V008,adjacent,ganghwa,ganghwa,ganghwa,ganghwa,209.0173958291247,1.6428804536326316,14,False,True,1.0,14,False,True,1.0,14,False,True,1.0,14,False,True,1.0,3,False,True,1.0,True,2,True,2,True,2,True,2,ganghwa,포함,0.0,37.75686936375453,126.49478167345218
V009,adjacent,junggu,junggu,junggu,junggu,686.4676461939528,1.0418171747030194,3,False,True,1.0,3,False,True,1.0,3,False,True,1.0,3,False,True,1.0,3,False,True,1.0,True,2,True,2,True,2,True,2,,미포함,0.1263978513823179,37.4422460949317,126.60457563441499
V010,adjacent,donggu,junggu,junggu,junggu,97.41050714843765,1.8031509880865395,23,False,True,2.75,24,False,True,3.0,24,False,True,3.0,24,False,True,3.0,47,False,True,3.0,False,0,False,0,False,0,False,0,,포함,0.0,37.47837195076728,126.62606769153562
V011,adjacent,michuhol,michuhol,michuhol,michuhol,147.39218618979038,3.0453289280889217,66,False,True,3.5,66,False,True,3.5,66,False,True,3.5,66,False,True,3.5,106,False,True,7.0,True,2,True,2,True,2,False,0,michuhol,포함,0.0,37.47057302641976,126.66438684639373
V012,adjacent,yeonsu,yeonsu,yeonsu,yeonsu,595.9761875445722,2.003468707270003,6,False,True,2.5,6,False,True,2.5,6,False,True,2.5,6,False,True,2.5,6,False,True,2.5,True,2,True,2,True,2,True,2,,미포함,0.13769347100905419,37.424040331573856,126.63459597163305
V013,adjacent,namdong,namdong,namdong,namdong,404.2237984208376,1.0017533219014425,13,False,True,2.25,13,False,True,2.25,13,False,True,2.25,13,False,True,2.25,13,False,True,2.25,True,2,True,2,True,2,True,2,namdong,포함,0.0,37.40182207894455,126.71641911604986
V014,adjacent,bupyeong,gyeyang,gyeyang,gyeyang,136.17629256790195,3.2456730665162428,17,False,True,1.0,62,False,True,6.0,62,False,True,6.0,62,False,True,6.0,79,False,True,6.0,False,0,False,0,False,0,False,0,gyeyang,포함,0.0,37.52995029839717,126.71225054716287
V015,adjacent,gyeyang,gyeyang,gyeyang,seogu,678.3950447173764,2.3641449224200235,43,False,True,6.25,43,False,True,6.25,43,False,True,6.25,3,False,True,2.0,52,False,True,6.25,True,2,True,2,False,0,True,2,,포함,0.0,37.52424022338523,126.68808627122067
V016,adjacent,seogu,seogu,seogu,seogu,670.167620691551,1.7630623676417323,5,False,True,2.25,5,False,True,2.25,5,False,True,2.25,5,False,True,2.25,5,False,True,2.25,True,2,True,2,True,2,True,2,,미포함,0.25287953764650606,37.58576726598552,126.60897088582435
V017,adjacent,ganghwa,ganghwa,ganghwa,ganghwa,312.7952003544134,1.3223176631220743,18,False,True,1.5,18,False,True,1.5,18,False,True,1.5,18,False,True,1.5,10,False,True,1.5,True,2,True,2,True,2,True,2,ganghwa,포함,0.0,37.7337509379625,126.48845975852842
V018,adjacent,junggu,junggu,junggu,junggu,915.4250202367213,2.043590002417552,3,False,True,1.0,3,False,True,1.0,3,False,True,1.0,3,False,True,1.0,8,False,True,2.75,True,2,True,2,True,2,False,0,,미포함,0.10012135262261021,37.442555184302385,126.60805422977995
V019,adjacent,donggu,donggu,donggu,donggu,22.525030789215897,2.324002877394829,23,False,True,2.75,23,False,True,2.75,23,False,True,2.75,23,False,True,2.75,47,False,True,3.0,True,2,True,2,True,2,False,0,,포함,0.0,37.480672535623206,126.63024781505814
V020,adjacent,michuhol,seogu,seogu,seogu,119.09424584602448,3.526143492352185,60,False,True,3.5,80,False,True,7.0,80,False,True,7.0,80,False,True,7.0,144,False,True,7.0,False,0,False,0,False,0,False,0,,포함,0.0,37.495141784264916,126.68308169382918
V021,adjacent,yeonsu,yeonsu,yeonsu,yeonsu,1344.478928501789,1.4425469075913306,6,False,True,2.5,6,False,True,2.5,6,False,True,2.5,6,False,True,2.5,6,False,True,2.5,True,2,True,2,True,2,True,2,yeonsu,포함,0.0,37.41722296369535,126.62336309421082
V022,adjacent,namdong,namdong,namdong,namdong,425.0844475029925,2.3240912203468214,13,False,True,2.25,13,False,True,2.25,13,False,True,2.25,13,False,True,2.25,13,False,True,2.25,True,2,True,2,True,2,True,2,namdong,포함,0.0,37.383957578160654,126.71789179811641
V023,adjacent,bupyeong,gyeyang,gyeyang,gyeyang,34.280666087973295,3.365893394640313,17,False,True,1.0,76,False,True,6.75,76,False,True,6.75,76,False,True,6.75,93,False,True,6.75,False,0,False,0,False,0,False,0,gyeyang,포함,0.0,37.531501799968574,126.71643897393106
V024,adjacent,gyeyang,gyeyang,gyeyang,gyeyang,252.22191694981788,1.1620417016531577,43,False,True,6.0,43,False,True,6.0,43,False,True,6.0,43,False,True,6.0,48,False,True,6.0,True,2,True,2,True,2,True,2,gyeyang,포함,0.0,37.52622503985472,126.72907846674634
V025,adjacent,seogu,seogu,seogu,seogu,2213.396069356973,2.965142523052032,5,False,True,2.25,5,False,True,2.25,5,False,True,2.25,5,False,True,2.25,5,False,True,2.25,True,2,True,2,True,2,True,2,,미포함,0.11152248853229164,37.592438714119176,126.59072071214761
V026,adjacent,ganghwa,ganghwa,ganghwa,ganghwa,1544.530032007274,1.883312927381565,12,False,True,1.0,12,False,True,1.0,12,False,True,1.0,12,False,True,1.0,3,False,True,1.0,True,2,True,2,True,2,True,2,ganghwa,포함,0.0,37.772108214687464,126.50405734609106
V027,adjacent,junggu,junggu,michuhol,junggu,440.83689361000194,2.083657441517499,4,False,True,1.0,4,False,True,1.0,5,False,True,2.75,4,False,True,1.0,9,False,True,2.75,True,2,False,0,True,2,False,0,michuhol,포함,0.0,37.44214446713367,126.63119597763344
V028,adjacent,donggu,junggu,donggu,junggu,1134.1172287143722,2.1236856475570987,23,False,True,2.75,24,False,True,3.0,23,False,True,2.75,24,False,True,3.0,47,False,True,3.0,False,0,True,2,False,0,False,0,,미포함,0.37989872871418606,37.49018188535227,126.60782643302682
V029,adjacent,michuhol,michuhol,michuhol,michuhol,146.72300024284326,2.1237265474489164,50,False,True,3.25,50,False,True,3.25,50,False,True,3.25,50,False,True,3.25,81,False,True,8.25,True,2,True,2,True,2,False,0,michuhol,포함,0.0,37.452952576758754,126.65186940068848
V030,adjacent,yeonsu,yeonsu,yeonsu,yeonsu,691.9931163840081,1.1620364242857666,11,False,True,3.5,11,False,True,3.5,11,False,True,3.5,11,False,True,3.5,11,False,True,3.5,True,2,True,2,True,2,True,2,yeonsu,포함,0.0,37.41763567124461,126.63084832128219
V031,adjacent,namdong,bupyeong,bupyeong,bupyeong,316.71388850785985,1.6428770326495743,28,False,True,2.5,6,False,True,1.25,6,False,True,1.25,6,False,True,1.25,35,False,True,2.5,False,0,False,0,False,0,True,2,bupyeong,포함,0.0,37.479320180512296,126.71597446455998
V032,adjacent,bupyeong,michuhol,michuhol,michuhol,197.81683185972568,2.4443442647393074,7,False,True,2.75,47,False,True,2.5,47,False,True,2.5,47,False,True,2.5,81,False,True,7.0,False,0,False,0,False,0,False,0,michuhol,포함,0.0,37.46525693256116,126.67748653210077
V033,adjacent,gyeyang,gyeyang,gyeyang,gyeyang,888.9146137746716,1.081879599364168,7,False,True,2.5,7,False,True,2.5,7,False,True,2.5,7,False,True,2.5,7,False,True,2.5,True,2,True,2,True,2,True,2,gyeyang,포함,0.0,37.54149781469808,126.76006593226813
V034,adjacent,seogu,seogu,seogu,seogu,541.0082215976572,1.642863398898457,18,False,True,1.5,18,False,True,1.5,18,False,True,1.5,18,False,True,1.5,18,False,True,1.5,True,2,True,2,True,2,True,2,,포함,0.0,37.51991366398723,126.6447271584408
V035,adjacent,ganghwa,ganghwa,ganghwa,ganghwa,525.9859760420195,2.0435732094477554,13,False,True,1.0,13,False,True,1.0,13,False,True,1.0,13,False,True,1.0,4,False,True,1.0,True,2,True,2,True,2,True,2,ganghwa,포함,0.0,37.76061339864309,126.48736412026292
V036,adjacent,junggu,junggu,junggu,junggu,1792.4063061416505,1.883300282108892,16,False,True,2.25,16,False,True,2.25,16,False,True,2.25,16,False,True,2.25,22,False,True,2.25,True,2,True,2,True,2,True,2,,미포함,0.12740506746226404,37.47839618473743,126.59720352757529
V037,adjacent,donggu,donggu,donggu,donggu,87.79769704326704,2.043587698850282,38,False,True,2.75,38,False,True,2.75,38,False,True,2.75,38,False,True,2.75,54,False,True,2.75,True,2,True,2,True,2,True,2,,포함,0.0,37.479691989225536,126.63597141290012
V038,adjacent,michuhol,michuhol,michuhol,michuhol,312.2143837905481,2.284006100075108,51,False,True,3.25,51,False,True,3.25,51,False,True,3.25,51,False,True,3.25,87,False,True,6.75,True,2,True,2,True,2,False,0,michuhol,포함,0.0,37.45212034082769,126.65350898785046
V039,adjacent,yeonsu,yeonsu,yeonsu,yeonsu,413.92066075293127,1.6829852269534855,4,False,True,2.5,4,False,True,2.5,4,False,True,2.5,4,False,True,2.5,4,False,True,2.5,True,2,True,2,True,2,True,2,,미포함,0.14742675103824907,37.422244204934735,126.63505252105652
V040,adjacent,namdong,bupyeong,bupyeong,bupyeong,201.70020487218025,2.48435642969452,3,False,True,1.0,5,False,True,2.25,5,False,True,2.25,5,False,True,2.25,82,False,True,3.5,False,0,False,0,False,0,False,0,bupyeong,포함,0.0,37.46984533620437,126.69538250111883
V041,adjacent,bupyeong,bupyeong,gyeyang,bupyeong,173.49506924066566,2.524390154799241,6,False,True,1.0,6,False,True,1.0,92,False,True,6.75,6,False,True,1.0,98,False,True,6.75,True,2,False,0,True,2,False,0,bupyeong,포함,0.0,37.51785743878769,126.73939962822843
V042,adjacent,gyeyang,bupyeong,gyeyang,gyeyang,94.44859328224278,1.0818975827924668,47,False,True,6.0,3,False,True,1.0,47,False,True,6.0,47,False,True,6.0,50,False,True,6.0,False,0,True,2,True,2,True,2,bupyeong,포함,0.0,37.521708611312164,126.72868587126105
V043,adjacent,seogu,seogu,seogu,seogu,697.510104819024,1.0818943588401422,3,False,True,1.0,3,False,True,1.0,3,False,True,1.0,3,False,True,1.0,3,False,True,1.0,True,2,True,2,True,2,True,2,,포함,0.0,37.60586959408178,126.63298627920283
V044,adjacent,ganghwa,ganghwa,ganghwa,ganghwa,1013.769315691692,1.602808048673022,8,False,True,1.0,8,False,True,1.0,8,False,True,1.0,8,False,True,1.0,3,False,True,1.0,True,2,True,2,True,2,True,2,ganghwa,포함,0.0,37.77066182375952,126.49588853961392
V045,adjacent,junggu,junggu,junggu,junggu,1077.1262509576816,3.165562943712338,6,False,True,1.0,6,False,True,1.0,6,False,True,1.0,6,False,True,1.0,6,False,True,1.0,True,2,True,2,True,2,True,2,,미포함,0.0282390036964963,37.46492822005297,126.60506863053755
V046,adjacent,donggu,donggu,donggu,junggu,91.9737793861469,2.2439377836686933,23,False,True,2.75,23,False,True,2.75,23,False,True,2.75,24,False,True,3.0,47,False,True,3.0,True,2,True,2,False,0,False,0,,포함,0.0,37.4791358057818,126.62844165508508
V047,adjacent,michuhol,seogu,seogu,seogu,180.32976655813536,3.205591693212836,57,False,True,3.5,68,False,True,7.0,68,False,True,7.0,68,False,True,7.0,129,False,True,7.0,False,0,False,0,False,0,False,0,,포함,0.0,37.4923530859268,126.68387077237821
V048,adjacent,yeonsu,yeonsu,yeonsu,yeonsu,2335.640541249829,1.8031596299113355,3,False,True,2.5,3,False,True,2.5,3,False,True,2.5,3,False,True,2.5,3,False,True,2.5,True,2,True,2,True,2,True,2,yeonsu,포함,0.0,37.42643475798301,126.61330785381584
V049,adjacent,namdong,namdong,namdong,namdong,598.9030253937093,1.7229971706040856,16,False,True,3.25,16,False,True,3.25,16,False,True,3.25,16,False,True,3.25,50,False,True,8.5,True,2,True,2,True,2,False,0,namdong,포함,0.0,37.418762170763834,126.71837009568902
V050,adjacent,bupyeong,seogu,seogu,seogu,200.5399634710183,3.0052677448208143,6,False,True,2.75,56,False,True,7.0,56,False,True,7.0,56,False,True,7.0,102,False,True,7.0,False,0,False,0,False,0,False,0,,포함,0.0,37.49140661880386,126.68438233067094
V051,adjacent,gyeyang,gyeyang,gyeyang,gyeyang,885.9500580162935,1.202122257532083,6,False,True,2.0,6,False,True,2.0,6,False,True,2.0,6,False,True,2.0,6,False,True,2.0,True,2,True,2,True,2,True,2,gyeyang,포함,0.0,37.54152849808625,126.76007466617759
V052,adjacent,seogu,seogu,seogu,seogu,978.7131620910257,1.0017579358697364,8,False,True,1.75,8,False,True,1.75,8,False,True,1.75,8,False,True,1.75,8,False,True,1.75,True,2,True,2,True,2,True,2,,포함,0.0,37.54587421938551,126.63884234810642
V053,adjacent,ganghwa,ganghwa,ganghwa,ganghwa,523.2137154486401,1.2421784734267447,19,False,True,1.5,19,False,True,1.5,19,False,True,1.5,19,False,True,1.5,9,False,True,1.0,True,2,True,2,True,2,False,1,ganghwa,포함,0.0,37.740994041166765,126.49227795638059
V054,adjacent,junggu,junggu,junggu,junggu,1809.4863254412503,2.0034692092472537,14,False,True,2.75,14,False,True,2.75,14,False,True,2.75,14,False,True,2.75,25,False,True,2.75,True,2,True,2,True,2,True,2,,미포함,0.10816608147407003,37.47799427108098,126.59715277131298
V055,adjacent,donggu,junggu,junggu,junggu,121.31967424882176,2.2839814315799845,27,False,True,2.75,24,False,True,3.0,24,False,True,3.0,24,False,True,3.0,51,False,True,3.25,False,0,False,0,False,0,False,1,,포함,0.0,37.478692183000625,126.6239896999043
V056,adjacent,michuhol,donggu,donggu,donggu,62.93413191304776,3.926753429383889,28,False,True,3.0,27,False,True,3.25,27,False,True,3.25,27,False,True,3.25,140,False,True,7.0,False,0,False,0,False,0,False,0,,포함,0.0,37.47704746349517,126.64330139893926
V057,adjacent,yeonsu,yeonsu,yeonsu,yeonsu,1303.877126699446,1.162033779039623,6,False,True,3.0,6,False,True,3.0,6,False,True,3.0,6,False,True,3.0,6,False,True,3.0,True,2,True,2,True,2,True,2,,미포함,0.10769569486909077,37.42780127600203,126.627796422702
V058,adjacent,namdong,namdong,namdong,namdong,487.9412251002759,2.764888952551198,5,False,True,1.25,5,False,True,1.25,5,False,True,1.25,5,False,True,1.25,5,False,True,1.25,True,2,True,2,True,2,True,2,namdong,포함,0.0,37.38678553953961,126.72011307507658
V059,adjacent,bupyeong,seogu,seogu,seogu,307.32919205760567,2.1637827060344863,5,False,True,1.25,39,False,True,5.0,39,False,True,5.0,39,False,True,5.0,63,False,True,5.0,False,0,False,0,False,0,False,0,,포함,0.0,37.512566795086556,126.68463316369183
V060,adjacent,gyeyang,gyeyang,gyeyang,gyeyang,499.7614863816228,1.482595600974284,10,False,True,1.75,10,False,True,1.75,10,False,True,1.75,10,False,True,1.75,10,False,True,1.75,True,2,True,2,True,2,True,2,gyeyang,포함,0.0,37.542250442070035,126.75243458566197
V061,adjacent,seogu,seogu,seogu,seogu,70.42837486368713,2.324060174264753,62,False,True,4.75,62,False,True,4.75,62,False,True,4.75,62,False,True,4.75,62,False,True,4.75,True,2,True,2,True,2,True,2,,포함,0.0,37.517477447192555,126.66491289770663
V062,adjacent,ganghwa,ganghwa,ganghwa,ganghwa,604.6520538440601,1.7230316465428248,14,False,True,1.0,14,False,True,1.0,14,False,True,1.0,14,False,True,1.0,3,False,True,1.0,True,2,True,2,True,2,True,2,ganghwa,포함,0.0,37.757275507219056,126.502031317159
V063,adjacent,junggu,junggu,junggu,junggu,1030.1231092284368,2.1237366170982863,4,False,True,1.0,4,False,True,1.0,4,False,True,1.0,4,False,True,1.0,10,False,True,2.75,True,2,True,2,True,2,False,0,,미포함,0.1230546472756245,37.44010798727153,126.60738631566193
V064,adjacent,donggu,donggu,donggu,donggu,90.95266442956704,3.926812046614968,42,False,True,3.25,42,False,True,3.25,42,False,True,3.25,42,False,True,3.25,148,False,True,4.75,True,2,True,2,True,2,False,0,,포함,0.0,37.479616076895965,126.63640116847279
V065,adjacent,michuhol,michuhol,michuhol,michuhol,49.16437660006233,1.5226691957974865,43,False,True,3.5,43,False,True,3.5,43,False,True,3.5,43,False,True,3.5,83,False,True,3.5,True,2,True,2,True,2,False,1,michuhol,포함,0.0,37.452953307859076,126.63700865128153
V066,adjacent,yeonsu,yeonsu,yeonsu,yeonsu,261.0398759120637,2.003549795372974,6,False,True,2.5,6,False,True,2.5,6,False,True,2.5,6,False,True,2.5,6,False,True,2.5,True,2,True,2,True,2,True,2,,미포함,0.13100526723080297,37.42011659753291,126.6354283824591
V067,adjacent,namdong,namdong,namdong,namdong,864.6173101950318,2.4442803858913997,12,False,True,1.75,12,False,True,1.75,12,False,True,1.75,12,False,True,1.75,12,False,True,1.75,True,2,True,2,True,2,True,2,,미포함,0.2927498908644611,37.380005825917635,126.70969515845762
V068,adjacent,bupyeong,bupyeong,gyeyang,bupyeong,275.9376488165164,2.804852075451973,5,False,True,1.0,5,False,True,1.0,100,False,True,6.75,5,False,True,1.0,105,False,True,6.75,True,2,False,0,True,2,False,0,bupyeong,포함,0.0,37.52012456010368,126.74463445421802
V069,adjacent,gyeyang,gyeyang,gyeyang,gyeyang,971.3310870107784,1.562745824516956,7,False,True,1.0,7,False,True,1.0,7,False,True,1.0,7,False,True,1.0,8,False,True,1.0,True,2,True,2,True,2,True,2,gyeyang,포함,0.0,37.53853912643463,126.76092030396997
V070,adjacent,seogu,donggu,donggu,donggu,1493.5489120590205,3.205571381418921,101,False,True,4.5,101,True,True,4.5,101,True,True,4.5,101,True,True,4.5,101,False,True,4.5,True,2,True,2,True,2,True,2,,미포함,0.3065638620806124,37.50148572848016,126.63370818182308
V071,adjacent,ganghwa,ganghwa,ganghwa,ganghwa,429.3288999073936,1.1219668265287075,16,False,True,1.0,16,False,True,1.0,16,False,True,1.0,16,False,True,1.0,9,False,True,1.0,True,2,True,2,True,2,True,2,ganghwa,포함,0.0,37.73944936134604,126.4794911477562
V072,adjacent,junggu,junggu,junggu,junggu,238.1574321779709,3.245676031898131,51,False,True,3.25,51,False,True,3.25,51,False,True,3.25,51,False,True,3.25,82,False,True,3.25,True,2,True,2,True,2,True,2,,미포함,0.106168215048041,37.45659496714501,126.6008986119166
V073,adjacent,donggu,junggu,junggu,junggu,92.22762922684645,2.404241166089349,23,False,True,2.75,25,False,True,3.25,25,False,True,3.25,25,False,True,3.25,48,False,True,3.25,False,0,False,0,False,0,False,1,,포함,0.0,37.47756646903746,126.62063614964796
V074,adjacent,michuhol,michuhol,michuhol,michuhol,142.571883642627,2.844971872336256,76,False,True,3.5,76,False,True,3.5,76,False,True,3.5,76,False,True,3.5,97,False,True,3.5,True,2,True,2,True,2,False,0,michuhol,포함,0.0,37.470126778154366,126.66434282169268
V075,adjacent,yeonsu,yeonsu,yeonsu,yeonsu,857.3640231093294,1.1620295567282215,9,False,True,3.0,9,False,True,3.0,9,False,True,3.0,9,False,True,3.0,9,False,True,3.0,True,2,True,2,True,2,True,2,,미포함,0.11023205034584334,37.42749933685957,126.63350499453512
V076,adjacent,namdong,namdong,namdong,namdong,1462.3302192215651,2.2840498291243523,5,False,True,1.25,5,False,True,1.25,5,False,True,1.25,5,False,True,1.25,5,False,True,1.25,True,2,True,2,True,2,True,2,,미포함,0.04421981671677699,37.38252933961272,126.69610087207185
V077,adjacent,bupyeong,gyeyang,gyeyang,gyeyang,122.61348848050557,2.4843441622409905,7,False,True,1.5,43,False,True,6.25,43,False,True,6.25,43,False,True,6.25,50,False,True,6.25,False,0,False,0,False,0,False,0,gyeyang,포함,0.0,37.530035242408765,126.70980664115505
V078,adjacent,gyeyang,gyeyang,gyeyang,gyeyang,88.91771477205789,2.764977751037756,46,False,True,5.75,46,False,True,5.75,46,False,True,5.75,46,False,True,5.75,58,False,True,5.75,True,2,True,2,True,2,True,2,gyeyang,포함,0.0,37.526162545401945,126.70028643355032
V079,adjacent,seogu,seogu,seogu,seogu,74.38652570207816,2.28400160446444,39,False,True,7.0,39,False,True,7.0,39,False,True,7.0,39,False,True,7.0,81,False,True,7.0,True,2,True,2,True,2,True,2,,포함,0.0,37.48705229788794,126.68481885573185
V080,adjacent,ganghwa,ganghwa,ganghwa,ganghwa,527.1005464129662,1.442533985622211,19,False,True,1.5,19,False,True,1.5,19,False,True,1.5,19,False,True,1.5,11,False,True,1.5,True,2,True,2,True,2,True,2,ganghwa,포함,0.0,37.743224372043166,126.49189586827586
V081,adjacent,junggu,junggu,junggu,junggu,1305.1267752964432,1.6028073427163536,5,False,True,1.5,5,False,True,1.5,5,False,True,1.5,5,False,True,1.5,8,False,True,1.5,True,2,True,2,True,2,True,2,,포함,0.0,37.475902947177254,126.60306687240445
V082,adjacent,donggu,seogu,seogu,seogu,37.13773997716935,3.2455648896561167,19,False,True,2.75,68,False,True,7.0,68,False,True,7.0,68,False,True,7.0,109,False,True,7.0,False,0,False,0,False,0,False,0,,포함,0.0,37.486117227040985,126.6861552353058
V083,adjacent,michuhol,yeonsu,yeonsu,yeonsu,437.977899416634,2.324060845265705,53,False,True,3.5,29,False,True,6.75,29,False,True,6.75,29,False,True,6.75,82,False,True,6.75,False,0,False,0,False,0,False,0,michuhol,포함,0.0,37.432338613194496,126.645252027749
V084,adjacent,yeonsu,yeonsu,yeonsu,yeonsu,906.4743344038322,1.3223301295592371,6,False,True,2.5,6,False,True,2.5,6,False,True,2.5,6,False,True,2.5,6,False,True,2.5,True,2,True,2,True,2,True,2,,미포함,0.12143380605334639,37.42791595175147,126.63298855290813
V085,adjacent,namdong,yeonsu,yeonsu,yeonsu,719.9979839315292,3.365919521018054,11,False,True,1.0,10,False,True,4.75,10,False,True,4.75,10,False,True,4.75,21,False,True,4.75,False,0,False,0,False,0,False,0,yeonsu,포함,0.0,37.402565776200795,126.676581242855
V086,adjacent,bupyeong,bupyeong,bupyeong,bupyeong,125.60109077801934,3.245536340387328,11,False,True,1.0,11,False,True,1.0,11,False,True,1.0,11,False,True,1.0,111,False,True,7.0,True,2,True,2,True,2,False,0,bupyeong,포함,0.0,37.51410428133558,126.69918524520463
V087,adjacent,gyeyang,gyeyang,gyeyang,gyeyang,720.8305457098091,1.4425332049626776,10,False,True,2.5,10,False,True,2.5,10,False,True,2.5,10,False,True,2.5,10,False,True,2.5,True,2,True,2,True,2,True,2,gyeyang,포함,0.0,37.542561424228616,126.75672432427113
V088,adjacent,seogu,seogu,seogu,seogu,681.4923463213785,2.965244644550898,5,False,True,2.25,5,False,True,2.25,5,False,True,2.25,5,False,True,2.25,5,False,True,2.25,True,2,True,2,True,2,True,2,,포함,0.0,37.59684147948602,126.6238984731696
V089,adjacent,ganghwa,ganghwa,ganghwa,ganghwa,320.47004545461346,1.3223179374763083,17,False,True,1.5,17,False,True,1.5,17,False,True,1.5,17,False,True,1.5,10,False,True,1.5,True,2,True,2,True,2,True,2,ganghwa,포함,0.0,37.73347163360843,126.4872114115158
V090,adjacent,junggu,junggu,junggu,junggu,1502.949963893252,1.723039666458317,5,False,True,1.5,5,False,True,1.5,5,False,True,1.5,5,False,True,1.5,6,False,True,1.5,True,2,True,2,True,2,True,2,,미포함,0.33967833514920376,37.485893983134446,126.60014397432687
V091,adjacent,donggu,junggu,junggu,junggu,62.41518449942692,2.1237288208526266,23,False,True,2.75,24,False,True,3.25,24,False,True,3.25,24,False,True,3.25,47,False,True,3.25,False,0,False,0,False,0,False,0,,포함,0.0,37.47876884766492,126.62757223092507
V092,adjacent,michuhol,yeonsu,yeonsu,yeonsu,794.658246012046,2.243949199824158,41,False,True,3.25,30,False,True,6.75,30,False,True,6.75,30,False,True,6.75,71,False,True,6.75,False,0,False,0,False,0,False,0,michuhol,포함,0.0,37.435235632020536,126.64257435660603
V093,adjacent,yeonsu,yeonsu,yeonsu,yeonsu,710.5155008432611,1.1219643475831125,11,False,True,3.0,11,False,True,3.0,11,False,True,3.0,11,False,True,3.0,11,False,True,3.0,True,2,True,2,True,2,True,2,yeonsu,포함,0.0,37.417739483837394,126.63058801221497
V094,adjacent,namdong,namdong,namdong,namdong,423.3293083843096,2.36413954222468,17,False,True,1.0,17,False,True,1.0,17,False,True,1.0,17,False,True,1.0,17,False,True,1.0,True,2,True,2,True,2,True,2,namdong,포함,0.0,37.38293314302231,126.71473100517134
V095,adjacent,bupyeong,bupyeong,bupyeong,bupyeong,107.47952119849737,3.966986735827062,13,False,True,1.0,13,False,True,1.0,13,False,True,1.0,13,False,True,1.0,130,False,True,7.0,True,2,True,2,True,2,False,0,bupyeong,포함,0.0,37.50967143866023,126.70075113840318
V096,adjacent,gyeyang,gyeyang,gyeyang,gyeyang,668.9825224467451,1.522676831567931,7,False,True,2.5,7,False,True,2.5,7,False,True,2.5,7,False,True,2.5,7,False,True,2.5,True,2,True,2,True,2,True,2,gyeyang,포함,0.0,37.54345413121292,126.7539320895648
V097,adjacent,seogu,seogu,seogu,seogu,1414.7695312262906,2.4042248979466274,12,False,True,3.0,12,False,True,3.0,12,False,True,3.0,12,False,True,3.0,12,False,True,3.0,True,2,True,2,True,2,True,2,,포함,0.0,37.56483341064387,126.63908232618603
V098,adjacent,ganghwa,ganghwa,ganghwa,ganghwa,1402.834059281978,1.8031555345182364,12,False,True,1.0,12,False,True,1.0,12,False,True,1.0,12,False,True,1.0,4,False,True,1.0,True,2,True,2,True,2,True,2,ganghwa,포함,0.0,37.772328893843515,126.5006305040254
V099,adjacent,junggu,junggu,junggu,junggu,1035.609108870504,1.6028096737123658,5,False,True,1.0,5,False,True,1.0,5,False,True,1.0,5,False,True,1.0,5,False,True,1.0,True,2,True,2,True,2,True,2,,미포함,0.13450674349239972,37.43747423346104,126.59619927440959
S000,separated,bupyeong,bupyeong,bupyeong,bupyeong,260.4684775326424,1.1763405219313912,10,False,True,2.75,10,False,True,2.75,10,False,True,2.75,10,False,True,2.75,24,False,True,2.5,True,2,True,2,True,2,False,1,bupyeong,포함,0.0,37.478140173824116,126.69924496462237
S001,separated,donggu,donggu,junggu,junggu,130.62424582896756,1.1051309260804092,24,False,True,2.75,24,False,True,2.75,36,False,True,3.5,36,False,True,3.5,83,False,True,3.5,True,2,False,0,False,0,False,0,,포함,0.0,37.47258711564728,126.63700531685969
S002,separated,ganghwa,ganghwa,ganghwa,ganghwa,1135.910053778638,1.9385596655739536,2,False,True,1.0,2,False,True,1.0,2,False,True,1.0,2,False,True,1.0,2,False,True,1.0,True,2,True,2,True,2,True,2,ganghwa,포함,0.0,37.65155500944796,126.46479845453875
S003,separated,gyeyang,gyeyang,gyeyang,gyeyang,680.7700374883067,2.7987793861058,8,False,True,3.0,8,False,True,3.0,8,False,True,3.0,8,False,True,3.0,8,False,True,3.0,True,2,True,2,True,2,True,2,,미포함,0.1204130037389817,37.586646048753096,126.77220720571968
S004,separated,junggu,junggu,junggu,junggu,1052.751874514396,2.833668569322798,2,False,True,1.0,2,False,True,1.0,2,False,True,1.0,2,False,True,1.0,2,False,True,1.0,True,2,True,2,True,2,True,2,,포함,0.0,37.4598316552906,126.40406815009455
S005,separated,michuhol,yeonsu,michuhol,michuhol,399.8891141931559,1.9657539737573488,22,False,True,3.75,3,False,True,2.0,22,False,True,3.75,22,False,True,3.75,59,False,True,3.5,False,0,True,2,True,2,False,1,michuhol,포함,0.0,37.43926525898409,126.69814609555262
S006,separated,namdong,namdong,namdong,namdong,589.0710120035747,3.0379617954577194,9,False,True,1.5,9,False,True,1.5,9,False,True,1.5,9,False,True,1.5,9,False,True,1.5,True,2,True,2,True,2,True,2,,미포함,0.22389315177892305,37.39039978365015,126.73297834979799
S007,separated,seogu,seogu,seogu,seogu,306.9712804124157,3.816598804914495,47,False,True,3.5,47,False,True,3.5,47,False,True,3.5,47,False,True,3.5,47,False,True,3.5,True,2,True,2,True,2,True,2,,포함,0.0,37.5808077934758,126.65403960015978
S008,separated,yeonsu,yeonsu,yeonsu,yeonsu,380.4117258813153,3.4579437721618653,56,False,True,6.0,56,False,True,6.0,56,False,True,6.0,56,False,True,6.0,57,False,True,6.0,True,2,True,2,True,2,True,2,yeonsu,포함,0.0,37.40985791887462,126.68166095182444
S009,separated,bupyeong,bupyeong,bupyeong,bupyeong,1204.448651352194,1.2815928496015223,10,False,True,2.25,10,False,True,2.25,10,False,True,2.25,10,False,True,2.25,11,False,True,2.25,True,2,True,2,True,2,True,2,bupyeong,포함,0.0,37.497803974358185,126.70417390468647
S010,separated,donggu,donggu,donggu,donggu,32.072607338569355,2.8920785900697585,22,False,True,3.25,22,False,True,3.25,22,False,True,3.25,22,False,True,3.25,168,False,True,3.5,True,2,True,2,True,2,False,0,,포함,0.0,37.4725053166462,126.64381440524662
S011,separated,ganghwa,ganghwa,ganghwa,ganghwa,912.280742621628,2.0260483787230354,5,False,True,1.0,5,False,True,1.0,5,False,True,1.0,5,False,True,1.0,4,False,True,1.0,True,2,True,2,True,2,True,2,ganghwa,포함,0.0,37.67721851203929,126.48359103115243
S012,separated,gyeyang,gyeyang,gyeyang,gyeyang,211.08632900235477,3.258325626033754,112,False,True,7.5,112,False,True,7.5,112,False,True,7.5,112,False,True,7.5,112,False,True,7.5,True,2,True,2,True,2,True,2,gyeyang,포함,0.0,37.58122616674594,126.73241153076462
S013,separated,junggu,junggu,junggu,junggu,2178.921956012868,3.3375004631017924,2,False,True,1.0,2,False,True,1.0,2,False,True,1.0,2,False,True,1.0,2,False,True,1.0,True,2,True,2,True,2,True,2,,포함,0.0,37.46897594130232,126.41553458264934
S014,separated,michuhol,namdong,namdong,namdong,276.2481869876829,1.3359294020277048,44,False,True,3.75,26,False,True,2.75,26,False,True,2.75,26,False,True,2.75,71,False,True,3.75,False,0,False,0,False,0,True,2,namdong,포함,0.0,37.45481117384069,126.70368576980093
S015,separated,namdong,namdong,namdong,namdong,101.8109708293986,2.367891055221285,29,False,True,3.0,29,False,True,3.0,29,False,True,3.0,29,False,True,3.0,29,False,True,3.0,True,2,True,2,True,2,True,2,namdong,포함,0.0,37.44325205195871,126.74189351035841
S016,separated,seogu,gyeyang,gyeyang,gyeyang,498.9084489851588,1.1383317935155006,4,True,True,2.5,4,False,True,2.5,4,False,True,2.5,4,False,True,2.5,4,False,True,2.5,True,2,True,2,True,2,True,2,gyeyang,포함,0.0,37.561856897563985,126.70493405788373
S017,separated,yeonsu,yeonsu,yeonsu,yeonsu,358.5241581110988,2.371249651533132,122,False,True,10.25,122,False,True,10.25,122,False,True,10.25,122,False,True,10.25,138,False,True,10.25,True,2,True,2,True,2,True,2,michuhol,포함,0.0,37.43430902950274,126.69679033060163
S018,separated,bupyeong,bupyeong,bupyeong,bupyeong,494.47779301661046,2.39519362491788,2,False,True,1.0,2,False,True,1.0,2,False,True,1.0,2,False,True,1.0,77,False,True,7.0,True,2,True,2,True,2,False,0,bupyeong,포함,0.0,37.48452733880288,126.70108929716166
S019,separated,donggu,junggu,junggu,junggu,152.10442813212896,1.5228437814744695,32,False,True,2.75,49,False,True,3.5,49,False,True,3.5,49,False,True,3.5,102,False,True,3.5,False,0,False,0,False,0,False,0,,포함,0.0,37.47394984107062,126.6299083564793
S020,separated,ganghwa,ganghwa,ganghwa,ganghwa,2894.7536529638737,3.915580233668917,5,False,True,1.0,5,False,True,1.0,5,False,True,1.0,5,False,True,1.0,5,False,True,1.0,True,2,True,2,True,2,True,2,ganghwa,포함,0.0,37.61829862371894,126.4211270222628
S021,separated,gyeyang,gyeyang,gyeyang,gyeyang,115.1633469754224,1.515348084583359,13,False,True,2.75,13,False,True,2.75,13,False,True,2.75,13,False,True,2.75,15,False,True,2.75,True,2,True,2,True,2,True,2,gyeyang,포함,0.0,37.57846291429432,126.71779538061162
S022,separated,junggu,junggu,junggu,junggu,596.3392891640783,1.5470721452724847,3,False,True,1.0,3,False,True,1.0,3,False,True,1.0,3,False,True,1.0,3,False,True,1.0,True,2,True,2,True,2,True,2,,포함,0.0,37.452134230557235,126.40152100641974
S023,separated,michuhol,michuhol,michuhol,michuhol,177.00530388598915,2.660665007417653,82,False,True,3.0,82,False,True,3.0,82,False,True,3.0,82,False,True,3.0,146,False,True,3.5,True,2,True,2,True,2,False,0,michuhol,포함,0.0,37.4641185906709,126.66494083452174
S024,separated,namdong,namdong,namdong,namdong,1402.7818833642682,3.2963923157807336,3,False,True,1.5,3,False,True,1.5,3,False,True,1.5,3,False,True,1.5,3,False,True,1.5,True,2,True,2,True,2,True,2,,미포함,1.0660372129321447,37.41317856276297,126.76337924036316
S025,separated,seogu,seogu,seogu,seogu,219.1065799268896,3.690199895579362,45,False,True,3.5,45,False,True,3.5,45,False,True,3.5,45,False,True,3.5,45,False,True,3.5,True,2,True,2,True,2,True,2,,포함,0.0,37.612361432091774,126.66400195434194
S026,separated,yeonsu,yeonsu,yeonsu,yeonsu,87.44204774740861,1.4205854795179595,128,False,True,10.25,128,False,True,10.25,128,False,True,10.25,128,False,True,10.25,128,False,True,10.25,True,2,True,2,True,2,True,2,yeonsu,포함,0.0,37.42311811594206,126.65524322093296
S027,separated,bupyeong,namdong,namdong,namdong,610.0423796409781,1.35566987965675,18,True,True,2.75,18,False,True,2.75,18,False,True,2.75,18,False,True,2.75,18,False,True,2.75,True,2,True,2,True,2,True,2,bupyeong,포함,0.0,37.470896979237885,126.74277784874678
S028,separated,donggu,donggu,donggu,donggu,278.9372282428528,2.959555746695404,29,False,True,3.25,29,False,True,3.25,29,False,True,3.25,29,False,True,3.25,160,False,True,3.5,True,2,True,2,True,2,False,0,,포함,0.0,37.475797425555996,126.6389984858632
S029,separated,ganghwa,ganghwa,ganghwa,ganghwa,154.5227974491012,2.8065771899936576,8,False,True,1.0,8,False,True,1.0,8,False,True,1.0,8,False,True,1.0,7,False,True,1.0,True,2,True,2,True,2,True,2,ganghwa,포함,0.0,37.79095931733724,126.45405508788886
S030,separated,gyeyang,gyeyang,gyeyang,gyeyang,1025.467654078563,1.5014829962033325,5,True,True,2.0,5,True,True,2.0,5,True,True,2.0,5,True,True,2.0,5,False,True,2.0,True,2,True,2,True,2,True,2,gyeyang,포함,0.0,37.55853397833881,126.69977525557563
S031,separated,junggu,junggu,junggu,junggu,1052.9343876529126,3.592627453088266,3,False,True,1.0,3,False,True,1.0,3,False,True,1.0,3,False,True,1.0,3,False,True,1.0,True,2,True,2,True,2,True,2,,포함,0.0,37.52579139984006,126.51164545414856
S032,separated,michuhol,namdong,namdong,namdong,123.92187332560736,1.1130026151503596,44,False,True,3.75,13,False,True,2.75,13,False,True,2.75,13,False,True,2.75,57,False,True,3.75,False,0,False,0,False,0,True,2,namdong,포함,0.0,37.44991733534142,126.69764812120692
S033,separated,namdong,namdong,namdong,namdong,607.8627189951126,1.1981568608079138,7,False,True,2.5,7,False,True,2.5,7,False,True,2.5,7,False,True,2.5,7,False,True,2.5,True,2,True,2,True,2,True,2,namdong,포함,0.0,37.41725583704675,126.74436071769236
S034,separated,seogu,seogu,seogu,seogu,905.8667962256924,1.9597743343855876,40,False,True,3.0,40,False,True,3.0,40,False,True,3.0,40,False,True,3.0,40,False,True,3.0,True,2,True,2,True,2,True,2,,포함,0.0,37.55389020198553,126.69400817538566
S035,separated,yeonsu,yeonsu,yeonsu,yeonsu,565.4030272343709,1.7018358630418002,62,False,True,9.0,62,False,True,9.0,62,False,True,9.0,62,False,True,9.0,84,False,True,9.0,True,2,True,2,True,2,True,2,michuhol,포함,0.0,37.43203387429022,126.67876221146358
S036,separated,bupyeong,bupyeong,bupyeong,bupyeong,460.7724498303938,1.719278214156111,11,False,True,1.25,11,False,True,1.25,11,False,True,1.25,11,False,True,1.25,11,False,True,1.25,True,2,True,2,True,2,True,2,bupyeong,포함,0.0,37.492104613401445,126.73263287228608
S037,separated,donggu,michuhol,michuhol,michuhol,467.8706033006254,3.658054803813155,8,False,True,2.75,156,False,True,3.5,156,False,True,3.5,156,False,True,3.5,169,False,True,3.5,False,0,False,0,False,0,False,0,michuhol,포함,0.0,37.47123142742794,126.65301542814116
S038,separated,ganghwa,ganghwa,ganghwa,ganghwa,1943.4916973484249,2.192570452369143,3,False,True,1.0,3,False,True,1.0,3,False,True,1.0,3,False,True,1.0,3,False,True,1.0,True,2,True,2,True,2,True,2,,미포함,0.9187639837658351,37.818385944060616,126.38417235515557
S039,separated,gyeyang,gyeyang,gyeyang,gyeyang,49.55070360606453,3.453535334968377,19,False,True,4.0,19,False,True,4.0,19,False,True,4.0,19,False,True,4.0,41,False,True,4.0,True,2,True,2,True,2,True,2,gyeyang,포함,0.0,37.57037171413133,126.7089101733827
S040,separated,junggu,seogu,seogu,seogu,385.3313647170655,3.254442933849557,35,True,True,3.25,35,False,True,3.25,35,False,True,3.25,35,False,True,3.25,35,False,True,3.25,True,2,True,2,True,2,True,2,,포함,0.0,37.528714407630936,126.63332682275382
S041,separated,michuhol,michuhol,michuhol,michuhol,37.0196338981404,3.055075667012613,141,False,True,3.5,141,False,True,3.5,141,False,True,3.5,141,False,True,3.5,151,False,True,3.5,True,2,True,2,True,2,True,2,michuhol,포함,0.0,37.45781024395042,126.69308644698125
S042,separated,namdong,namdong,namdong,namdong,1811.0237487671152,2.282459694108027,7,False,True,2.5,7,False,True,2.5,7,False,True,2.5,7,False,True,2.5,7,False,True,2.5,True,2,True,2,True,2,True,2,,미포함,1.5686607685015275,37.41130742891477,126.76751741608936
S043,separated,seogu,seogu,seogu,seogu,2420.7133417571968,2.3011358981826886,3,False,True,1.5,3,False,True,1.5,3,False,True,1.5,3,False,True,1.5,3,False,True,1.5,True,2,True,2,True,2,True,2,,미포함,0.6407846063372657,37.627006151704634,126.63072282762913
S044,separated,yeonsu,yeonsu,yeonsu,yeonsu,105.28867828383656,2.196627352852392,128,False,True,10.25,128,False,True,10.25,128,False,True,10.25,128,False,True,10.25,145,False,True,10.25,True,2,True,2,True,2,True,2,yeonsu,포함,0.0,37.415570571560664,126.68025115476152
S045,separated,bupyeong,bupyeong,bupyeong,bupyeong,556.5579172610786,1.934419326374376,17,False,True,2.25,17,False,True,2.25,17,False,True,2.25,17,False,True,2.25,18,False,True,2.25,True,2,True,2,True,2,True,2,bupyeong,포함,0.0,37.484085900083336,126.7360760323612
S046,separated,donggu,michuhol,michuhol,michuhol,405.18875533640255,1.1579630778015302,22,False,True,3.25,34,False,True,3.25,34,False,True,3.25,34,False,True,3.25,84,False,True,3.25,False,0,False,0,False,0,False,0,,포함,0.0,37.47067693936504,126.65190432848138
S047,separated,ganghwa,ganghwa,ganghwa,ganghwa,350.7744578361391,3.1478370839082594,20,False,True,1.5,20,False,True,1.5,20,False,True,1.5,20,False,True,1.5,12,False,True,1.5,True,2,True,2,True,2,True,2,ganghwa,포함,0.0,37.753603483610775,126.49919330865137
S048,separated,gyeyang,gyeyang,gyeyang,gyeyang,604.4362469362819,3.6216709093304376,62,False,True,6.5,62,False,True,6.5,62,False,True,6.5,62,False,True,6.5,62,False,True,6.5,True,2,True,2,True,2,True,2,gyeyang,포함,0.0,37.54036562726447,126.70939274247739
S049,separated,junggu,junggu,junggu,junggu,1232.1815911181898,1.6499582260877013,2,False,True,1.0,2,False,True,1.0,2,False,True,1.0,2,False,True,1.0,2,False,True,1.0,True,2,True,2,True,2,True,2,,포함,0.0,37.50031080279869,126.56140864239191
S050,separated,michuhol,michuhol,michuhol,michuhol,104.27581045566804,1.3221230842086598,93,False,True,4.0,93,False,True,4.0,93,False,True,4.0,93,False,True,4.0,96,False,True,4.0,True,2,True,2,True,2,True,2,michuhol,포함,0.0,37.453397902927264,126.6837948210278
S051,separated,namdong,namdong,namdong,namdong,900.6707383274621,2.705794392393936,35,False,True,3.0,35,False,True,3.0,35,False,True,3.0,35,False,True,3.0,35,False,True,3.0,True,2,True,2,True,2,True,2,namdong,포함,0.0,37.4649232040044,126.74925963924963
S052,separated,seogu,seogu,seogu,seogu,533.628077125392,1.9846291742451516,25,False,True,3.75,25,False,True,3.75,25,False,True,3.75,25,False,True,3.75,25,False,True,3.75,True,2,True,2,True,2,True,2,,포함,0.0,37.61414725676435,126.65576156313658
S053,separated,yeonsu,yeonsu,yeonsu,yeonsu,162.4764469464481,2.6380768010955946,164,False,True,10.25,164,False,True,10.25,164,False,True,10.25,164,False,True,10.25,183,False,True,10.25,True,2,True,2,True,2,True,2,yeonsu,포함,0.0,37.42962772617314,126.64619773493784
S054,separated,bupyeong,bupyeong,bupyeong,bupyeong,452.9566018393075,2.192392076461654,16,False,True,2.5,16,False,True,2.5,16,False,True,2.5,16,False,True,2.5,36,False,True,2.5,True,2,True,2,True,2,False,1,bupyeong,포함,0.0,37.487011662724655,126.7113274970862
S055,separated,donggu,junggu,junggu,junggu,276.6311165215752,1.2592185682670736,27,False,True,2.75,53,False,True,3.5,53,False,True,3.5,53,False,True,3.5,81,False,True,3.5,False,0,False,0,False,0,False,0,,포함,0.0,37.47579965237248,126.62296023718125
S056,separated,ganghwa,ganghwa,ganghwa,ganghwa,1019.204340110783,1.6828685143867572,3,False,True,1.0,3,False,True,1.0,3,False,True,1.0,3,False,True,1.0,2,False,True,1.0,True,2,True,2,True,2,True,2,ganghwa,포함,0.0,37.63639038658972,126.4088367539555
S057,separated,gyeyang,gyeyang,gyeyang,gyeyang,158.1456520993647,2.00256588718255,53,False,True,6.5,53,False,True,6.5,53,False,True,6.5,53,False,True,6.5,53,False,True,6.5,True,2,True,2,True,2,True,2,gyeyang,포함,0.0,37.55947243141088,126.7234705081949
S058,separated,junggu,junggu,junggu,junggu,1003.3557916766292,3.8964284076599247,2,False,True,1.0,2,False,True,1.0,2,False,True,1.0,2,False,True,1.0,2,False,True,1.0,True,2,True,2,True,2,True,2,,포함,0.0,37.43392206180453,126.42824369865325
S059,separated,michuhol,michuhol,michuhol,michuhol,179.44835426281702,1.3946196219500036,112,False,True,3.75,112,False,True,3.75,112,False,True,3.75,112,False,True,3.75,112,False,True,3.75,True,2,True,2,True,2,True,2,michuhol,포함,0.0,37.45959784101509,126.66624067275843
S060,separated,namdong,yeonsu,yeonsu,yeonsu,154.02931044412,2.106870770078692,92,True,True,8.5,67,False,True,8.5,67,False,True,8.5,67,False,True,8.5,92,False,True,8.5,True,2,True,2,True,2,True,2,yeonsu,포함,0.0,37.42712458370381,126.69928620928478
S061,separated,seogu,seogu,seogu,seogu,747.5573348975672,3.3136779231162534,28,False,True,3.75,28,False,True,3.75,28,False,True,3.75,28,False,True,3.75,28,False,True,3.75,True,2,True,2,True,2,True,2,,포함,0.0,37.605086654683,126.68835811210228
S062,separated,yeonsu,yeonsu,yeonsu,yeonsu,189.606205617589,1.059433781414869,122,False,True,10.25,122,False,True,10.25,122,False,True,10.25,122,False,True,10.25,122,False,True,10.25,True,2,True,2,True,2,True,2,yeonsu,포함,0.0,37.41544439767573,126.66992431076244
S063,separated,bupyeong,namdong,namdong,namdong,250.84086635243025,3.93460790254548,6,False,True,2.25,97,False,True,3.0,97,False,True,3.0,97,False,True,3.0,128,False,True,3.0,False,0,False,0,False,0,False,0,bupyeong,포함,0.0,37.47056700182458,126.70413654151817
S064,separated,donggu,donggu,donggu,donggu,303.0890290149237,1.8995751528876157,30,False,True,3.25,30,False,True,3.25,30,False,True,3.25,30,False,True,3.25,99,False,True,3.25,True,2,True,2,True,2,True,2,,포함,0.0,37.47577663667209,126.63777898507321
S065,separated,ganghwa,ganghwa,ganghwa,ganghwa,653.2885717769659,3.624743294557236,4,False,True,1.0,4,False,True,1.0,4,False,True,1.0,4,False,True,1.0,3,False,True,1.0,True,2,True,2,True,2,True,2,ganghwa,포함,0.0,37.6516721282817,126.42637439424873
S066,separated,gyeyang,gyeyang,gyeyang,gyeyang,429.14742644157326,3.189395361627578,32,False,True,6.25,32,False,True,6.25,32,False,True,6.25,32,False,True,6.25,88,False,True,6.25,True,2,True,2,True,2,True,2,gyeyang,포함,0.0,37.53277093483625,126.70264870671876
S067,separated,junggu,junggu,junggu,junggu,1723.639765352804,2.353354142063083,2,False,True,1.0,2,False,True,1.0,2,False,True,1.0,2,False,True,1.0,2,False,True,1.0,True,2,True,2,True,2,True,2,,미포함,1.0817252532303807,37.45854224330574,126.5817973357155
S068,separated,michuhol,michuhol,michuhol,michuhol,266.97092600010143,1.1027500767454326,59,False,True,3.75,59,False,True,3.75,59,False,True,3.75,59,False,True,3.75,60,False,True,5.5,True,2,True,2,True,2,False,1,michuhol,포함,0.0,37.43810496263587,126.67103466822866
S069,separated,namdong,namdong,namdong,namdong,778.1661828781309,1.0673568361313006,4,False,True,2.5,4,False,True,2.5,4,False,True,2.5,4,False,True,2.5,4,False,True,2.5,True,2,True,2,True,2,True,2,,미포함,0.46495532088118957,37.417926418327454,126.7592454205337
S070,separated,seogu,seogu,seogu,seogu,798.4289257580753,3.816904155763527,4,False,True,1.5,4,False,True,1.5,4,False,True,1.5,4,False,True,1.5,4,False,True,1.5,True,2,True,2,True,2,True,2,,포함,0.0,37.62923334753548,126.67119819524761
S071,separated,yeonsu,yeonsu,yeonsu,yeonsu,380.63766140295536,1.5971439920114654,40,False,True,6.0,40,False,True,6.0,40,False,True,6.0,40,False,True,6.0,40,False,True,6.0,True,2,True,2,True,2,True,2,yeonsu,포함,0.0,37.40980807650491,126.68127927131684
S072,separated,bupyeong,bupyeong,bupyeong,bupyeong,308.970914321454,1.6788939139019752,10,False,True,2.75,10,False,True,2.75,10,False,True,2.75,10,False,True,2.75,32,False,True,7.0,True,2,True,2,True,2,False,0,bupyeong,포함,0.0,37.47593382424371,126.69897240819338
S073,separated,donggu,donggu,donggu,donggu,374.78690850441245,3.645409733410321,23,False,True,3.25,23,False,True,3.25,23,False,True,3.25,23,False,True,3.25,202,False,True,3.75,True,2,True,2,True,2,False,0,,포함,0.0,37.47433660323564,126.64993206791713
S074,separated,ganghwa,ganghwa,ganghwa,ganghwa,1075.6852328214418,3.332819987371839,10,False,True,1.0,10,False,True,1.0,10,False,True,1.0,10,False,True,1.0,5,False,True,1.0,True,2,True,2,True,2,True,2,ganghwa,포함,0.0,37.77922268780663,126.41825005550679
S075,separated,gyeyang,gyeyang,gyeyang,gyeyang,275.2434171144236,3.3994348143664426,98,False,True,7.5,98,False,True,7.5,98,False,True,7.5,98,False,True,7.5,100,False,True,7.5,True,2,True,2,True,2,True,2,gyeyang,포함,0.0,37.562455918168865,126.74997474134891
S076,separated,junggu,junggu,junggu,junggu,510.0130152190414,3.9078873044390057,2,False,True,1.0,2,False,True,1.0,2,False,True,1.0,2,False,True,1.0,2,False,True,1.0,True,2,True,2,True,2,True,2,,포함,0.0,37.51172144723608,126.51926925433925
S077,separated,michuhol,michuhol,michuhol,michuhol,72.9267378813788,3.1638346060448788,128,False,True,4.0,128,False,True,4.0,128,False,True,4.0,128,False,True,4.0,157,False,True,4.0,True,2,True,2,True,2,True,2,michuhol,포함,0.0,37.46112082207167,126.6741399553782
S078,separated,namdong,namdong,namdong,namdong,697.7699569854275,1.565024410615781,3,False,True,1.0,3,False,True,1.0,3,False,True,1.0,3,False,True,1.0,3,False,True,1.0,True,2,True,2,True,2,True,2,,미포함,0.7167076892955122,37.393868485472474,126.74493289924786
S079,separated,seogu,seogu,seogu,seogu,528.0035705409708,3.1361416439968943,29,False,True,3.5,29,False,True,3.5,29,False,True,3.5,29,False,True,3.5,29,False,True,3.5,True,2,True,2,True,2,True,2,,포함,0.0,37.60358044604418,126.66928138422887
S080,separated,yeonsu,yeonsu,yeonsu,yeonsu,174.1009129076468,1.304198306497279,55,False,True,8.5,55,False,True,8.5,55,False,True,8.5,55,False,True,8.5,70,False,True,8.5,True,2,True,2,True,2,True,2,yeonsu,포함,0.0,37.42589121505788,126.69256676857492
S081,separated,bupyeong,bupyeong,bupyeong,bupyeong,446.3980340460769,2.060800756522782,19,False,True,1.5,19,False,True,1.5,19,False,True,1.5,19,False,True,1.5,19,False,True,1.5,True,2,True,2,True,2,True,2,bupyeong,포함,0.0,37.504198216015226,126.72593599138752
S082,separated,donggu,donggu,donggu,donggu,316.4309256080461,1.6845310434944296,21,False,True,3.25,21,False,True,3.25,21,False,True,3.25,21,False,True,3.25,96,False,True,3.25,True,2,True,2,True,2,False,1,,포함,0.0,37.47370306367843,126.64918573050663
S083,separated,ganghwa,ganghwa,ganghwa,ganghwa,989.8082511462882,3.0879103585027305,3,False,True,1.0,3,False,True,1.0,3,False,True,1.0,3,False,True,1.0,3,False,True,1.0,True,2,True,2,True,2,True,2,ganghwa,포함,0.0,37.6562001056823,126.461557686722
S084,separated,gyeyang,gyeyang,gyeyang,gyeyang,116.6701242616368,1.1014913795778682,24,False,True,6.5,24,False,True,6.5,24,False,True,6.5,24,False,True,6.5,24,False,True,6.5,True,2,True,2,True,2,True,2,gyeyang,포함,0.0,37.544256270941084,126.713928996429
S085,separated,junggu,junggu,junggu,junggu,717.2501433386353,1.3352779021432186,3,False,True,1.0,3,False,True,1.0,3,False,True,1.0,3,False,True,1.0,3,False,True,1.0,True,2,True,2,True,2,True,2,,포함,0.0,37.49843087023069,126.53285612597769
S086,separated,michuhol,namdong,namdong,namdong,131.45023305025197,1.84340630989204,57,True,True,2.75,52,False,True,2.75,52,False,True,2.75,52,False,True,2.75,57,False,True,2.75,True,2,True,2,True,2,True,2,bupyeong,포함,0.0,37.469507470428596,126.7045997073147
S087,separated,namdong,namdong,namdong,namdong,2377.608389815838,3.1855321925127185,7,False,True,2.5,7,False,True,2.5,7,False,True,2.5,7,False,True,2.5,7,False,True,2.5,True,2,True,2,True,2,True,2,,미포함,2.6692129676061285,37.388355401424754,126.76459992127053
S088,separated,seogu,seogu,seogu,seogu,456.1366846011604,3.624317311289732,30,False,True,3.75,30,False,True,3.75,30,False,True,3.75,30,False,True,3.75,30,False,True,3.75,True,2,True,2,True,2,True,2,,포함,0.0,37.60541667072962,126.6436302279173
S089,separated,yeonsu,yeonsu,yeonsu,yeonsu,123.46726942689904,1.2918678183653642,90,False,True,10.25,90,False,True,10.25,90,False,True,10.25,90,False,True,10.25,111,False,True,10.25,True,2,True,2,True,2,True,2,yeonsu,포함,0.0,37.42559715186414,126.67382388991557
S090,separated,bupyeong,bupyeong,bupyeong,bupyeong,344.31984040901904,3.2350799971535724,22,False,True,2.25,22,False,True,2.25,22,False,True,2.25,22,False,True,2.25,25,False,True,2.25,True,2,True,2,True,2,True,2,bupyeong,포함,0.0,37.48557236913434,126.70750741633721
S091,separated,donggu,donggu,donggu,junggu,177.2197661733177,1.0182995027635509,29,False,True,3.25,29,False,True,3.25,29,False,True,3.25,25,False,True,3.5,59,False,True,3.25,True,2,True,2,False,0,True,2,,포함,0.0,37.47438118997072,126.6377281048769
S092,separated,ganghwa,ganghwa,ganghwa,ganghwa,246.9355077718253,2.5424325812255337,7,False,True,1.0,7,False,True,1.0,7,False,True,1.0,7,False,True,1.0,7,False,True,1.0,True,2,True,2,True,2,True,2,ganghwa,포함,0.0,37.774799380578784,126.44986981521862
S093,separated,gyeyang,gyeyang,gyeyang,gyeyang,234.0770785788126,1.2635287974344545,31,False,True,7.5,31,False,True,7.5,31,False,True,7.5,31,False,True,7.5,34,False,True,7.5,True,2,True,2,True,2,True,2,gyeyang,포함,0.0,37.58612835036061,126.72967959795785
S094,separated,junggu,junggu,junggu,junggu,366.5777650468282,2.942793448590004,3,False,True,1.0,3,False,True,1.0,3,False,True,1.0,3,False,True,1.0,3,False,True,1.0,True,2,True,2,True,2,True,2,,포함,0.0,37.44679019067576,126.40125424610848
S095,separated,michuhol,namdong,namdong,namdong,239.98906056859963,1.3508125751152456,36,True,True,3.0,34,False,True,3.0,34,False,True,3.0,34,False,True,3.0,36,False,True,3.0,True,2,True,2,True,2,True,2,namdong,포함,0.0,37.448527430038894,126.70319682549697
S096,separated,namdong,namdong,namdong,namdong,395.0745895184633,3.2916171566892887,25,False,True,2.5,25,False,True,2.5,25,False,True,2.5,25,False,True,2.5,25,False,True,2.5,True,2,True,2,True,2,True,2,namdong,포함,0.0,37.4364561327857,126.72879622243602
S097,separated,seogu,michuhol,michuhol,michuhol,275.20952835705293,1.8139625440925848,97,True,True,3.5,87,False,True,3.5,87,False,True,3.5,87,False,True,3.5,97,False,True,3.5,True,2,True,2,True,2,True,2,michuhol,포함,0.0,37.46824889102304,126.6496580250308
S098,separated,yeonsu,yeonsu,yeonsu,yeonsu,476.1584140029461,2.746074036961427,154,False,True,10.25,154,False,True,10.25,154,False,True,10.25,154,False,True,10.25,191,False,True,10.25,True,2,True,2,True,2,True,2,yeonsu,포함,0.0,37.42044269865489,126.6611161014643
S099,separated,bupyeong,bupyeong,bupyeong,bupyeong,344.17474535902005,2.4708837302899185,21,False,True,1.75,21,False,True,1.75,21,False,True,1.75,21,False,True,1.75,21,False,True,1.75,True,2,True,2,True,2,True,2,bupyeong,포함,0.0,37.493298589668015,126.726240585171
