od_id,group,district,direct_km,chord_m,n_candidates,walk_od_km,light_ids,light_mean_Si,light_sum_Di,light_est_km,light_est_best_km,light_order_loss_km,deep_ids,deep_mean_Si,deep_sum_Di,deep_est_km,deep_est_best_km,deep_order_loss_km,separated_option,n_common,est_gap_km,Si_loss_pct,status
V000,adjacent,junggu,2.724763531902906,2079.128023322393,53,3.542192591473778,donggu_wydj1rpb_001|donggu_wydj1x1h_001,2.75,0.5494408467936842,3.9183390243091845,3.9183390243091845,0.0,junggu_wydj1qpm_001|junggu_wydj1mp0_001,3.25,2.83118950851882,6.179539115506319,5.535695671009074,0.6438434444972456,True,0,2.261200091197135,15.384615384615385,OK
V001,adjacent,donggu,1.682940488559914,808.4516354285764,43,2.187822635127888,junggu_wydj1rj6_001|donggu_wydj1rpb_001,2.5,1.0882543043101585,3.175767864580818,3.1073372854582466,0.06843057912257144,junggu_wydj1rj6_001|junggu_wydj1qpm_001,3.0,1.653904240601182,3.6038806051834253,3.6038806051834253,0.0,True,1,0.4281127406026073,16.666666666666664,OK
V002,adjacent,michuhol,2.003511180985517,35.54844272173553,46,2.604564535281172,michuhol_wydj1dnd_001|michuhol_wydj19y7_001,2.75,1.9584761126515007,3.8686365081654444,3.6486533197554905,0.2199831884099539,michuhol_wydj1dju_001|michuhol_wydj1dnd_001,3.25,2.249063640675721,3.830173610157587,3.830173610157587,0.0,True,1,-0.038462898007857405,15.384615384615385,OK
V003,adjacent,yeonsu,1.0819095982347362,846.3880233661123,6,1.4064824777051572,yeonsu_wydhcsp0_001|yeonsu_wydhcu9s_001,2.0,2.2652069000261092,2.970851726435524,2.970851726435524,0.0,yeonsu_wydhcsp0_001|yeonsu_wydhcue2_001,2.5,2.7512541499772447,3.375819761827251,3.375819761827251,0.0,True,1,0.4049680353917271,20.0,OK
V004,adjacent,namdong,1.001751652348191,438.9006289323094,8,1.3022771480526485,namdong_wydhu0e5_001|namdong_wydhu03q_001,1.0,0.23537089331175953,1.5925075686723114,1.5925075686723114,0.0,namdong_wydhgbmr_001|namdong_wydhu03q_001,1.5,1.0328559872714302,2.7957923979643162,2.115121172515226,0.6806712254490903,True,1,1.2032848292920049,33.33333333333333,OK
V005,adjacent,bupyeong,2.7248443693807136,1025.9973235827256,95,3.542297680194928,bupyeong_wydj5n0g_001|michuhol_wydj4e2m_001,3.5,0.8725708814086706,4.459621785628625,4.459621785628625,0.0,michuhol_wydj4e2m_001|michuhol_wydj47q7_001,3.5,1.8672235274079902,4.623216401960702,4.623216401960702,0.0,True,1,0.1635946163320776,0.0,OK
V006,adjacent,gyeyang,1.121960689320882,959.2327784670049,39,1.4585488961171467,gyeyang_wydj7xz2_001|gyeyang_wydjeb0g_001,4.0,3.2595044211099715,3.294248312440854,3.294248312440854,0.0,gyeyang_wydj7xz2_001|gyeyang_wydj7xvv_001,4.75,3.8160662960213987,3.5940357545828396,3.5940357545828396,0.0,True,1,0.2997874421419855,15.789473684210526,OK
V007,adjacent,seogu,2.283998395777265,1706.3204015729928,83,2.969197914510445,seogu_wydj6b5n_001|seogu_wydj6b4z_001,7.0,2.1881403447791437,4.092689012518233,4.092689012518233,0.0,seogu_wydj6b5n_001|seogu_wydj6b4z_001,7.0,2.1881403447791437,4.092689012518233,4.092689012518233,0.0,False,2,0.0,0.0,OK
V008,adjacent,ganghwa,1.6428804536326316,492.6958663580413,3,2.135744589722421,ganghwa_wy9yy6jw_001|ganghwa_wy9yy3p7_001,1.0,0.5946051543743436,3.908329361861444,2.770883369932384,1.1374459919290603,ganghwa_wy9yy6jw_001|ganghwa_wy9yy6bx_001,1.0,1.1384448562463394,3.2580169416432243,3.2580169416432243,0.0,True,1,-0.6503124202182198,0.0,OK
V009,adjacent,junggu,1.0418171747030194,1005.1913439484578,3,1.3543623271139253,junggu_wydj0cvg_001|junggu_wydj0bft_001,1.0,2.729918660274057,3.4132950339717256,3.4132950339717256,0.0,junggu_wydj0cvg_001|junggu_wydj0bft_001,1.0,2.729918660274057,3.4132950339717256,3.4132950339717256,0.0,False,2,0.0,0.0,OK
V010,adjacent,donggu,1.8031509880865395,815.6877647563025,47,2.3440962845125015,junggu_wydj1rj6_001|donggu_wydj1rpb_001,2.5,0.2828774893067427,3.001149134883544,2.7891264989213314,0.21202263596221282,junggu_wydj1qpm_001|junggu_wydj1rj6_001,3.0,0.9565919907230387,3.301393435540562,3.301393435540562,0.0,True,1,0.3002443006570177,16.666666666666664,OK
V011,adjacent,michuhol,3.0453289280889217,2663.019157989076,106,3.9589276065155983,seogu_wydj6b5n_001|seogu_wydj6b4z_001,7.0,2.798959816343081,5.408205986232629,5.382345524550431,0.02586046168219802,seogu_wydj6b5n_001|seogu_wydj6b60_001,7.0,2.806278523730045,5.6341260653632546,5.412031730177648,0.22209433518560662,True,1,0.22592007913062595,0.0,OK
V012,adjacent,yeonsu,2.003468707270003,2200.136863984885,6,2.6045093194510036,yeonsu_wydhcsp0_001|yeonsu_wydhcu9s_001,2.0,2.603420806747846,4.720818904801137,4.319025388763957,0.4017935160371797,yeonsu_wydhcue2_001|yeonsu_wydhcsp0_001,2.5,3.122618331018976,4.733296223819415,4.733296223819415,0.0,True,1,0.012477319018278088,20.0,OK
V013,adjacent,namdong,1.0017533219014425,310.09480064347275,13,1.3022793184718753,namdong_wydhg8u8_001|namdong_wydhg8ss_001,2.25,0.407598868871196,1.5318359054972863,1.5318359054972863,0.0,namdong_wydhg8u8_001|namdong_wydhg8ss_001,2.25,0.407598868871196,1.5318359054972863,1.5318359054972863,0.0,False,2,0.0,0.0,OK
V014,adjacent,bupyeong,3.2456730665162428,1981.325857856757,79,4.219374986471116,gyeyang_wydj7rft_001|gyeyang_wydje8me_001,7.0,1.8778164165260538,6.5480177894699025,6.5480177894699025,0.0,gyeyang_wydje8me_001|gyeyang_wydj7xz2_001,6.0,2.802182196189346,5.804007105551338,5.804007105551338,0.0,True,1,-0.7440106839185647,-16.666666666666664,OK
V015,adjacent,gyeyang,2.3641449224200235,2226.599188862313,52,3.0733883991460305,gyeyang_wydj7rft_001|gyeyang_wydj7pwm_001,6.25,0.41895035373268286,4.5627039706418575,3.377108004510954,1.1855959661309035,gyeyang_wydj7rft_001|gyeyang_wydj7pwm_001,6.25,0.41895035373268286,4.5627039706418575,3.377108004510954,1.1855959661309035,False,2,0.0,0.0,OK
V016,adjacent,seogu,1.7630623676417325,1255.9768198218226,5,2.291981077934252,seogu_wydjc784_001|seogu_wydjc786_001,2.25,3.565931295172006,4.107944183878195,4.10053481088101,0.007409372997185137,seogu_wydjc784_001|seogu_wydjc786_001,2.25,3.565931295172006,4.107944183878195,4.10053481088101,0.007409372997185137,False,2,0.0,0.0,OK
V017,adjacent,ganghwa,1.3223176631220745,284.0931935795549,10,1.719012962058697,ganghwa_wy9ywm9n_001|ganghwa_wy9ywq8e_001,1.0,0.03689378450148162,1.7654871847493667,1.7654871847493667,0.0,ganghwa_wy9ywjtw_001|ganghwa_wy9ywpye_001,1.5,1.2288168946929927,2.9900936746649958,2.9900936746649958,0.0,True,0,1.224606489915629,33.33333333333333,OK
V018,adjacent,junggu,2.043590002417552,2039.9657046367593,8,2.6566670031428177,michuhol_wydj19uh_001|michuhol_wydj19g7_001,2.5,3.9737998605434077,4.794676479933047,4.725910214023937,0.06876626590910995,michuhol_wydj19uh_001|michuhol_wydj1d5b_001,2.75,4.230690363742569,4.911825757036471,4.835160083883516,0.07666567315295492,True,1,0.11714927710342415,9.090909090909092,OK
V019,adjacent,donggu,2.324002877394829,1421.65604924051,47,3.0212037406132777,donggu_wydj1x1h_001|junggu_wydj1rj6_001,2.75,0.1153355969558203,3.1319510890256557,3.1319510890256557,0.0,junggu_wydj1qpm_001|junggu_wydj1rj6_001,3.0,1.1259987816674237,4.1388849783151835,4.1388849783151835,0.0,True,1,1.0069338892895279,8.333333333333332,OK
V020,adjacent,michuhol,3.5261434923521855,1952.3468872488768,144,4.5839865400578415,seogu_wydj6b3f_001|seogu_wydj6b60_001,7.0,0.5291820434061227,4.861152816083415,4.861152816083415,0.0,seogu_wydj6b3f_001|seogu_wydj6b60_001,7.0,0.5291820434061227,4.861152816083415,4.861152816083415,0.0,False,2,0.0,0.0,OK
V021,adjacent,yeonsu,1.4425469075913306,1216.5584163549408,6,1.87531097986873,yeonsu_wydhcsp0_001|yeonsu_wydhcu9s_001,2.0,2.8987014408801133,3.6324213877276894,3.6324213877276894,0.0,yeonsu_wydhcsp0_001|yeonsu_wydhcue2_001,2.5,3.3904025235840614,4.042066179186708,4.042066179186708,0.0,True,1,0.4096447914590189,20.0,OK
V022,adjacent,namdong,2.3240912203468214,1539.5107530875293,13,3.021318586450868,namdong_wydhg2gq_001|namdong_wydhg8ss_001,1.5,1.1220547586530571,5.939876829664961,4.179276426381404,1.760600403283557,namdong_wydhg8u8_001|namdong_wydhg8ss_001,2.25,2.261592979760356,4.286466385649485,4.177874922982776,0.10859146266670905,True,1,-1.653410444015476,33.33333333333333,OK
V023,adjacent,bupyeong,3.365893394640313,1988.928702546706,93,4.375661413032407,gyeyang_wydje8me_001|gyeyang_wydj7xvv_001,5.75,1.4361685925314038,5.21312283308164,5.21312283308164,0.0,gyeyang_wydje8me_001|gyeyang_wydje9mr_001,6.75,2.860004860674592,6.9889550734905095,6.411996518026152,0.5769585554643575,True,1,1.7758322404088691,14.814814814814813,OK
V024,adjacent,gyeyang,1.1620417016531575,888.7707100835536,48,1.5106542121491047,gyeyang_wydj7xz2_001|gyeyang_wydje8me_001,6.0,2.4955904878662936,3.2270342677542665,3.2270342677542665,0.0,gyeyang_wydje8me_001|gyeyang_wydj7xz2_001,6.0,2.4955904878662936,3.333149742913496,3.2270342677542665,0.1061154751592297,False,2,0.1061154751592297,0.0,OK
V025,adjacent,seogu,2.9651425230520316,3026.299919552122,5,3.8546852799676414,seogu_wydjc784_001|seogu_wydjc786_001,2.25,0.26435245274828656,3.9896707066471837,3.9896707066471837,0.0,seogu_wydjc784_001|seogu_wydjc786_001,2.25,0.26435245274828656,3.9896707066471837,3.9896707066471837,0.0,False,2,0.0,0.0,OK
V026,adjacent,ganghwa,1.883312927381565,734.4127357631996,3,2.4483068055960344,ganghwa_wy9yy6jw_001|ganghwa_wy9yy3p7_001,1.0,0.675777267866378,3.102451621770005,3.102451621770005,0.0,ganghwa_wy9yy6bx_001|ganghwa_wy9yy6jw_001,1.0,1.786646399879361,3.9794546443440395,3.9794546443440395,0.0,True,1,0.8770030225740344,0.0,OK
V027,adjacent,junggu,2.083657441517499,2015.1791476972235,9,2.708754673972749,michuhol_wydj19uh_001|michuhol_wydj19g7_001,2.5,3.9031494486425755,4.7427865242326686,4.7427865242326686,0.0,michuhol_wydj19uh_001|michuhol_wydj1d5b_001,2.75,4.159728875256457,4.851543350989584,4.851543350989584,0.0,True,1,0.108756826756915,9.090909090909092,OK
V028,adjacent,donggu,2.1236856475570987,858.9865968110294,47,2.7607913418242283,junggu_wydj1rj6_001|donggu_wydj1rpb_001,2.5,0.28884261046386595,3.0913992790969704,3.0913992790969704,0.0,junggu_wydj1qpm_001|junggu_wydj1rj6_001,3.0,0.8437971780189217,4.261410220566907,3.6839366922680354,0.5774735282988712,True,1,1.1700109414699362,16.666666666666664,OK
V029,adjacent,michuhol,2.1237265474489164,435.9749168798942,81,2.7608445116835916,yeonsu_wydhfmcd_001|yeonsu_wydhfmc4_001,7.5,3.593884437215829,4.627469935709479,4.627469935709479,0.0,yeonsu_wydhfmcd_001|yeonsu_wydhfmep_001,8.25,4.060500999534376,5.050359529092313,5.001259655131363,0.049099873960950724,True,1,0.42288959338283405,9.090909090909092,OK
V030,adjacent,yeonsu,1.1620364242857666,907.1156414476333,11,1.5106473515714967,yeonsu_wydhcsp0_001|yeonsu_wydhcu9s_001,2.0,2.0427138126679583,2.819307845921743,2.819307845921743,0.0,yeonsu_wydhcvkq_001|yeonsu_wydhcue2_001,3.5,3.878075214634788,4.524608797061954,3.906441427674381,0.6181673693875731,True,0,1.7053009511402109,42.857142857142854,OK
V031,adjacent,namdong,1.6428770326495743,830.4205194040669,35,2.1357401424444467,namdong_wydj5kru_001|namdong_wydj5s0j_001,2.0,0.9131650705267473,2.6650158799017856,2.6650158799017856,0.0,namdong_wydj5sp2_001|namdong_wydj5kru_001,2.5,1.5413418722599768,4.32381653064117,3.922722237046516,0.401094293594654,True,1,1.6588006507393844,20.0,OK
V032,adjacent,bupyeong,2.4443442647393074,1413.916944068839,81,3.1776475441610996,seogu_wydj6b5n_001|seogu_wydj6b4z_001,7.0,2.8677555557189125,4.651958669452062,4.64482845599783,0.007130213454232148,seogu_wydj6b5n_001|seogu_wydj6b4z_001,7.0,2.8677555557189125,4.651958669452062,4.64482845599783,0.007130213454232148,False,2,0.0,0.0,OK
V033,adjacent,gyeyang,1.081879599364168,862.9288114864382,7,1.4064434791734186,gyeyang_wydjs38k_001|gyeyang_wydjs1jz_001,1.0,1.0868471016366843,2.2567474679807495,2.2567474679807495,0.0,gyeyang_wydjs5h3_001|gyeyang_wydjs477_001,2.5,4.058811747180291,3.795203063574508,3.795203063574508,0.0,True,0,1.5384555955937587,60.0,OK
V034,adjacent,seogu,1.6428633988984567,671.9919456337902,18,2.135722418567994,seogu_wydj6pur_001|seogu_wydj6pzg_001,1.0,0.5960743155991715,2.634817139806443,2.634817139806443,0.0,seogu_wydj6pur_001|seogu_wydjd323_001,1.5,2.5123007134501627,4.365795665779556,4.365795665779556,0.0,True,1,1.7309785259731134,33.33333333333333,OK
V035,adjacent,ganghwa,2.0435732094477554,1286.2855951680708,4,2.656645172282082,ganghwa_wy9yy6bx_001|ganghwa_wy9yy6jw_001,1.0,0.619586386153153,3.750641974224978,3.750641974224978,0.0,ganghwa_wy9yy6bx_001|ganghwa_wy9yy3p7_001,1.0,1.6194233869502144,5.018524226747129,5.018524226747129,0.0,True,1,1.267882252522151,0.0,OK
V036,adjacent,junggu,1.8833002821088916,1946.5489456483137,22,2.448290366741559,junggu_wydj1r2v_001|donggu_wydj1rd1_001,1.75,1.6444148895019062,3.4430184267602444,3.4430184267602444,0.0,junggu_wydj1mt3_001|junggu_wydj1mt0_001,2.25,4.015555551787843,4.526388614418041,4.497853288071617,0.028535326346423417,True,0,1.0833701876577964,22.22222222222222,OK
V037,adjacent,donggu,2.043587698850282,1177.574166082355,54,2.6566640085053668,donggu_wydj1x4r_001|donggu_wydj1x39_001,2.5,0.6200162632596902,3.0197351685835145,3.0197351685835145,0.0,donggu_wydj1x1h_001|donggu_wydj1x4r_001,2.75,0.7785774300170418,3.318693851348014,3.225160246560083,0.09353360478793116,True,1,0.29895868276449944,9.090909090909092,OK
V038,adjacent,michuhol,2.284006100075108,441.43093063669824,87,2.9692079300976406,yeonsu_wydhcvxm_001|yeonsu_wydhcvwu_001,6.5,2.088085009788271,4.080178554066061,4.080178554066061,0.0,yeonsu_wydhcvx3_001|yeonsu_wydhcvwu_001,6.75,2.291842332439101,4.219395248821677,4.219395248821677,0.0,True,1,0.13921669475561593,3.7037037037037033,OK
V039,adjacent,yeonsu,1.6829852269534857,1506.2534308951742,4,2.1878807950395314,yeonsu_wydhcsp0_001|yeonsu_wydhcu9s_001,2.0,2.3005468618089995,4.081851612447174,3.821861687356127,0.25998992509104735,yeonsu_wydhcsp0_001|yeonsu_wydhcue2_001,2.5,2.786221367048064,4.444090167849473,4.214634062587117,0.22945610526235605,True,1,0.3622385554022989,20.0,OK
V040,adjacent,namdong,2.48435642969452,1220.2829285250084,82,3.2296633586028762,michuhol_wydj4e3x_001|michuhol_wydj4e3r_001,3.5,2.133655438183556,4.322185653446949,4.322185653446949,0.0,michuhol_wydj4e3x_001|michuhol_wydj4e3r_001,3.5,2.133655438183556,4.322185653446949,4.322185653446949,0.0,False,2,0.0,0.0,OK
V041,adjacent,bupyeong,2.524390154799241,258.835406034811,98,3.2817072012390134,gyeyang_wydje8me_001|gyeyang_wydj7xz2_001,6.0,0.3121371224512135,4.371238102040328,3.547598521392172,0.8236395806481562,gyeyang_wydje8me_001|gyeyang_wydje9mr_001,6.75,1.5792693268583413,4.764003906669575,4.764003906669575,0.0,True,1,0.3927658046292466,11.11111111111111,OK
V042,adjacent,gyeyang,1.0818975827924668,819.7378967520501,50,1.4064668576302068,gyeyang_wydje8me_001|gyeyang_wydj7xz2_001,6.0,1.4502067713618683,2.9165214162166286,2.389904168908913,0.5266172473077155,gyeyang_wydje8me_001|gyeyang_wydj7xz2_001,6.0,1.4502067713618683,2.9165214162166286,2.389904168908913,0.5266172473077155,False,2,0.0,0.0,OK
V043,adjacent,seogu,1.0818943588401422,171.70941740468834,3,1.4064626664921849,seogu_wydjcv27_001|seogu_wydjcywr_001,1.0,2.999407294992552,3.6771073769033413,3.6771073769033413,0.0,seogu_wydjcv27_001|seogu_wydjcywr_001,1.0,2.999407294992552,3.6771073769033413,3.6771073769033413,0.0,False,2,0.0,0.0,OK
V044,adjacent,ganghwa,1.602808048673022,494.19341788337823,3,2.0836504632749286,ganghwa_wy9yy6jw_001|ganghwa_wy9yy3p7_001,1.0,1.4308625294394557,3.101424857946932,3.101424857946932,0.0,ganghwa_wy9yy6jw_001|ganghwa_wy9yy6bx_001,1.0,1.8766326711763477,4.5696848728168495,3.4798836589549045,1.089801213861945,True,1,1.4682600148699176,0.0,OK
V045,adjacent,junggu,3.165562943712338,2045.9099664506455,6,4.115231826826039,junggu_wydj0cvg_001|junggu_wydj0fks_001,1.0,0.07731862505049492,4.981630984410911,4.266665101349284,0.7149658830616268,junggu_wydj0cvg_001|junggu_wydj0fw8_001,1.0,0.13828713320801267,5.234519317128113,4.194117954673105,1.0404013624550075,True,1,0.2528883327172018,0.0,OK
V046,adjacent,donggu,2.2439377836686933,1162.7405132847816,47,2.9171191187693015,junggu_wydj1rj6_001|donggu_wydj1rpb_001,2.5,0.05725644030518007,3.7044695032635038,3.006230750053409,0.6982387532100947,junggu_wydj1qpm_001|junggu_wydj1rj6_001,3.0,0.8370132575349594,3.838803120478197,3.838803120478197,0.0,True,1,0.1343336172146934,16.666666666666664,OK
V047,adjacent,michuhol,3.2055916932128357,1750.392563593712,129,4.167269201176686,seogu_wydj6b3f_001|seogu_wydj6b60_001,7.0,0.3841798798398033,4.37111372168429,4.37111372168429,0.0,seogu_wydj6b3f_001|seogu_wydj6b60_001,7.0,0.3841798798398033,4.37111372168429,4.37111372168429,0.0,False,2,0.0,0.0,OK
V048,adjacent,yeonsu,1.8031596299113355,2052.302292965335,3,2.3441075188847362,yeonsu_wydhcv6u_001|yeonsu_wydhcsp0_001,2.5,4.024582837734643,5.811240084788526,5.349484224192542,0.46175586059598395,yeonsu_wydhcv6u_001|yeonsu_wydhcu9s_001,2.5,4.17725600069649,5.1200006013144215,5.008537175732184,0.11146342558223754,True,1,-0.6912394834741047,0.0,OK
V049,adjacent,namdong,1.7229971706040856,1153.9886242152227,50,2.2398963217853116,yeonsu_wydhgj66_001|yeonsu_wydhgj46_001,7.5,1.6010229339306292,3.2043435900806037,3.2043435900806037,0.0,yeonsu_wydhgjd1_001|yeonsu_wydhgj9e_001,8.5,2.5445332025733802,3.5818506815083824,3.5818506815083824,0.0,True,0,0.3775070914277787,11.76470588235294,OK
V050,adjacent,bupyeong,3.0052677448208143,1565.009595720249,102,3.9068480682670588,seogu_wydj6b60_001|seogu_wydj6b3f_001,7.0,0.0459760159282081,4.0776525518818785,3.9321825271082584,0.14547002477362003,seogu_wydj6b5n_001|seogu_wydj6b4z_001,7.0,0.162215821248878,4.0594748820230615,3.990173557168715,0.06930132485434637,True,0,-0.01817766985881697,0.0,OK
V051,adjacent,gyeyang,1.202122257532083,973.6362601500612,6,1.562758934791708,gyeyang_wydjs38k_001|gyeyang_wydjs1jz_001,1.0,1.3158391223521715,2.4695575156278133,2.4695575156278133,0.0,gyeyang_wydjs477_001|gyeyang_wydjs4ed_001,2.0,4.149105249151142,3.893239494550651,3.748236793574036,0.14500270097661483,True,0,1.4236819789228377,50.0,OK
V052,adjacent,seogu,1.0017579358697364,169.6811191332944,8,1.3022853166306574,seogu_wydjd52n_001|seogu_wydjd591_001,1.75,0.6436473013019246,1.8009519226245971,1.8009519226245971,0.0,seogu_wydjd591_001|seogu_wydjd52n_001,1.75,0.6436473013019246,1.804310242395158,1.8009519226245971,0.0033583197705608914,False,2,0.0033583197705608914,0.0,OK
V053,adjacent,ganghwa,1.2421784734267447,419.64156644322986,9,1.6148320154547682,ganghwa_wy9ywq8e_001|ganghwa_wy9ywm9n_001,1.0,0.318679883496805,2.3505922466548745,2.3505922466548745,0.0,ganghwa_wy9ywq8e_001|ganghwa_wy9ywm9n_001,1.0,0.318679883496805,2.3505922466548745,2.3505922466548745,0.0,False,2,0.0,0.0,OK
V054,adjacent,junggu,2.0034692092472537,2113.8718425887787,25,2.6045099720214298,junggu_wydj1r2v_001|donggu_wydj1rd1_001,1.75,0.3587557313824141,2.932595995994423,2.932595995994423,0.0,junggu_wydj1mt0_001|junggu_wydj1qpm_001,2.75,4.467358155585785,5.218297323277939,5.218297323277939,0.0,True,0,2.2857013272835163,36.36363636363637,OK
V055,adjacent,donggu,2.2839814315799845,1208.6605549535748,51,2.96917586105398,donggu_wydj1x1h_001|donggu_wydj1rpb_001,2.75,0.5115407509731749,3.610937159071645,3.266937971288378,0.3439991877832669,donggu_wydj1x1h_001|junggu_wydj1qpm_001,3.25,1.3047722044321222,4.9143266254212365,3.991291262437921,0.9230353629833155,True,1,1.3033894663495915,15.384615384615385,OK
V056,adjacent,michuhol,3.926753429383889,3042.6177384256675,140,5.104779458199056,seogu_wydj6b3f_001|seogu_wydj6b60_001,7.0,0.6259335762288298,5.527757281088717,5.457898138066036,0.06985914302268093,seogu_wydj6b3f_001|seogu_wydj6b60_001,7.0,0.6259335762288298,5.527757281088717,5.457898138066036,0.06985914302268093,False,2,0.0,0.0,OK
V057,adjacent,yeonsu,1.162033779039623,945.2887354671575,6,1.5106439127515099,yeonsu_wydhcsp0_001|yeonsu_wydhcu9s_001,2.0,2.694958266699925,3.7274379435180336,3.2162129966001505,0.5112249469178831,yeonsu_wydhcv6u_001|yeonsu_wydhcue2_001,3.0,4.3128377561942575,4.085198818937489,4.085198818937489,0.0,True,0,0.357760875419455,33.33333333333333,OK
V058,adjacent,namdong,2.764888952551198,949.3830159104062,5,3.5943556383165576,namdong_wydhewz6_001|namdong_wydheqn9_001,1.25,1.7692874484806342,5.397077062501349,5.397077062501349,0.0,namdong_wydhewz6_001|namdong_wydheqn9_001,1.25,1.7692874484806342,5.397077062501349,5.397077062501349,0.0,False,2,0.0,0.0,OK
V059,adjacent,bupyeong,2.1637827060344863,546.9738131338107,63,2.8129175178448325,seogu_wydj6tuz_001|seogu_wydj6tvw_001,4.75,1.2749327419079148,3.559300068172469,3.532480641260207,0.02681942691226169,seogu_wydj6tuz_001|seogu_wydj6tu6_001,5.0,1.5029762905492574,3.8085300644703333,3.621271767760248,0.18725829671008531,True,1,0.24922999629786435,5.0,OK
V060,adjacent,gyeyang,1.482595600974284,1090.4031082819886,10,1.9273742812665693,gyeyang_wydjs38k_001|gyeyang_wydjs1jz_001,1.0,1.057913137045456,2.7662491713945814,2.7662491713945814,0.0,gyeyang_wydjs477_001|gyeyang_wydjs1jz_001,1.75,2.4629333623785983,3.6643088113717974,3.6643088113717974,0.0,True,1,0.898059639977216,42.857142857142854,OK
V061,adjacent,seogu,2.324060174264753,1438.2762369297136,62,3.021278226544179,seogu_wydj6mhq_001|seogu_wydj6mkw_001,4.5,1.612447533994105,4.102681391064202,3.939134349767779,0.16354704129642306,seogu_wydj6mhq_001|seogu_wydj6mrf_001,4.75,2.6030372216857516,4.972874759876996,4.779361060766359,0.1935136991106372,True,1,0.8701933688127941,5.263157894736842,OK
V062,adjacent,ganghwa,1.7230316465428248,545.3263666791024,3,2.2399411405056724,ganghwa_wy9yy6jw_001|ganghwa_wy9yy6bx_001,1.0,0.7940601084006658,2.866895182735732,2.866895182735732,0.0,ganghwa_wy9yy6bx_001|ganghwa_wy9yy6jw_001,1.0,0.7940601084006658,4.412682140721828,2.866895182735732,1.5457869579860963,False,2,1.5457869579860963,0.0,OK
V063,adjacent,junggu,2.1237366170982863,2152.1687715932835,10,2.760857602227772,michuhol_wydj19uh_001|michuhol_wydj19g7_001,2.5,3.367526555120043,4.58670668798602,4.535987898717508,0.0507187892685117,michuhol_wydj19uh_001|michuhol_wydj1d5b_001,2.75,3.637083637700897,4.710733907169184,4.6510264058790405,0.05970750129014313,True,1,0.12402721918316395,9.090909090909092,OK
V064,adjacent,donggu,3.9268120466149674,2823.6846594780527,148,5.1048556605994575,seogu_wydj63xz_001|seogu_wydj69fp_001,4.75,1.549610851500578,6.048742722632554,6.048742722632554,0.0,seogu_wydj69fp_001|seogu_wydj6efe_001,4.75,2.6583049819231324,7.41014430170199,7.41014430170199,0.0,True,1,1.3614015790694367,0.0,OK
V065,adjacent,michuhol,1.5226691957974863,323.0615976158784,83,1.9794699545367322,junggu_wydj1srn_001|michuhol_wydj1dju_001,3.5,0.20944395695427698,5.666005347384395,2.1972943732814567,3.4687109741029385,junggu_wydj1srn_001|michuhol_wydj1g30_001,3.5,0.4160342573932967,4.036660451889903,2.298732422822436,1.7379280290674668,True,1,-1.6293448954944925,0.0,OK
V066,adjacent,yeonsu,2.003549795372974,2227.1553925656895,6,2.6046147339848664,yeonsu_wydhcsp0_001|yeonsu_wydhcu9s_001,2.0,2.1446614452000783,4.208912295385501,4.208912295385501,0.0,yeonsu_wydhcsp0_001|yeonsu_wydhcue2_001,2.5,2.6180893024462892,4.61324105201526,4.61324105201526,0.0,True,1,0.4043287566297593,20.0,OK
V067,adjacent,namdong,2.4442803858913993,1662.805181166883,12,3.177564501658819,namdong_wydhg2gq_001|namdong_wydhg8g6_001,1.5,1.6372950283901089,5.419614239106098,5.086235162174924,0.3333790769311733,namdong_wydhewz6_001|namdong_wydhg8u8_001,1.75,2.79878867044947,5.133831048897072,5.133831048897072,0.0,True,0,-0.28578319020902576,14.285714285714285,OK
V068,adjacent,bupyeong,2.804852075451973,972.5036240341508,105,3.646307698087565,gyeyang_wydje8me_001|gyeyang_wydj7xz2_001,6.0,0.19908499280423841,4.635683829310039,3.8993016581725892,0.7363821711374494,gyeyang_wydje8me_001|gyeyang_wydje9mr_001,6.75,1.3612747147628466,5.10001786540253,5.10001786540253,0.0,True,1,0.4643340360924917,11.11111111111111,OK
V069,adjacent,gyeyang,1.562745824516956,1043.7677282385473,8,2.031569571872043,gyeyang_wydjs38k_001|gyeyang_wydjs1jz_001,1.0,1.5666463592010311,2.9716418218907057,2.9716418218907057,0.0,gyeyang_wydjs1jz_001|gyeyang_wydjs38k_001,1.0,1.5666463592010311,3.6975586014699626,2.9716418218907057,0.7259167795792569,False,2,0.7259167795792569,0.0,OK
V070,adjacent,seogu,3.205571381418921,2605.4207440589157,101,4.167242795844597,seogu_wydj6ker_001|seogu_wydj6kud_001,4.5,0.01772583216002488,4.185068429017181,4.185068429017181,0.0,seogu_wydj6ker_001|seogu_wydj6kud_001,4.5,0.01772583216002488,4.185068429017181,4.185068429017181,0.0,False,2,0.0,0.0,OK
V071,adjacent,ganghwa,1.1219668265287077,376.2907340834969,9,1.45855687448732,ganghwa_wy9ywq8e_001|ganghwa_wy9ywm9n_001,1.0,0.35117346066077326,2.2578850732483016,2.2578850732483016,0.0,ganghwa_wy9ywq8e_001|ganghwa_wy9ywjtw_001,1.0,0.42829770684606316,2.8839786357888677,2.193136840314928,0.6908417954739399,True,1,0.6260935625405661,0.0,OK
V072,adjacent,junggu,3.245676031898131,2868.5240170425777,82,4.21937884146757,junggu_wydj1kzx_001|junggu_wydj1mp0_001,3.0,1.4597479436126308,5.084680578369028,4.972394517976133,0.11228606039289524,junggu_wydj1qpm_001|junggu_wydj1kzx_001,3.25,2.6942742126787262,6.386211288237257,6.386211288237257,0.0,True,1,1.3015307098682287,7.6923076923076925,OK
V073,adjacent,donggu,2.4042411660893492,1248.0788416780556,48,3.125513515916154,junggu_wydj1rj6_001|donggu_wydj1x1h_001,2.75,0.5529171765673264,3.648155986974284,3.648155986974284,0.0,donggu_wydj1x1h_001|junggu_wydj1qpm_001,3.25,1.4347799280278384,5.230961420801811,4.117339500377411,1.1136219204244,True,1,1.5828054338275268,15.384615384615385,OK
V074,adjacent,michuhol,2.8449718723362554,2311.751634145403,97,3.6984634340371323,bupyeong_wydj5n0g_001|michuhol_wydj47nu_001,3.5,2.0485049711492405,10.862395194385423,5.974056602428673,4.8883385919567495,michuhol_wydj47nu_001|michuhol_wydj47js_001,3.5,3.3777683156319585,5.700219395207486,5.46268694997579,0.2375324452316958,True,1,-5.162175799177937,0.0,OK
V075,adjacent,yeonsu,1.1620295567282217,933.9061413607088,9,1.5106384237466883,yeonsu_wydhcsp0_001|yeonsu_wydhcu9s_001,2.0,2.1972232745855766,3.549365465940771,2.896539504053422,0.6528259618873493,yeonsu_wydhcsp0_001|yeonsu_wydhcvkq_001,3.0,3.1102176312446126,5.025313447418616,3.8824067317044744,1.1429067157141413,True,1,1.4759479814778445,33.33333333333333,OK
V076,adjacent,namdong,2.2840498291243523,739.9009679618673,5,2.969264777861658,namdong_wydhewz6_001|namdong_wydheqn9_001,1.25,1.4847771868458546,5.935718092756169,4.462522034666574,1.4731960580895942,namdong_wydhewz6_001|namdong_wydheqn9_001,1.25,1.4847771868458546,5.935718092756169,4.462522034666574,1.4731960580895942,False,2,0.0,0.0,OK
V077,adjacent,bupyeong,2.4843441622409905,1399.4363268808754,50,3.2296474109132878,gyeyang_wydj7rft_001|gyeyang_wydj7pwm_001,6.25,0.3892536254185952,3.635334790420732,3.635334790420732,0.0,gyeyang_wydj7rft_001|gyeyang_wydj7pwm_001,6.25,0.3892536254185952,3.635334790420732,3.635334790420732,0.0,False,2,0.0,0.0,OK
V078,adjacent,gyeyang,2.7649777510377556,2810.6747596643336,58,3.594471076349082,gyeyang_wydj7rft_001|gyeyang_wydj7pwm_001,6.25,1.138366621832585,5.279287451229086,4.42210614642973,0.8571813047993562,gyeyang_wydj7rft_001|gyeyang_wydj7xvv_001,5.75,3.0463531801625594,5.872382109959923,5.872382109959923,0.0,True,1,0.5930946587308368,-8.695652173913043,OK
V079,adjacent,seogu,2.2840016044644402,1565.8037441499494,81,2.969202085803772,seogu_wydj6b60_001|seogu_wydj6b3f_001,7.0,0.32543095736384986,3.253895513051356,3.1601025424478486,0.09379297060350744,seogu_wydj6b60_001|seogu_wydj6b3f_001,7.0,0.32543095736384986,3.253895513051356,3.1601025424478486,0.09379297060350744,False,2,0.0,0.0,OK
V080,adjacent,ganghwa,1.442533985622211,541.6291170263542,11,1.8752941813088744,ganghwa_wy9ywq8e_001|ganghwa_wy9ywm9n_001,1.0,0.20840692045005094,2.3131798154926617,2.3131798154926617,0.0,ganghwa_wy9ywm9n_001|ganghwa_wy9ywpye_001,1.5,1.4773381488748325,4.903123957675639,3.8367181961847043,1.0664057614909348,True,1,2.5899441421829774,33.33333333333333,OK
V081,adjacent,junggu,1.6028073427163536,1121.9028292463456,8,2.0836495455312596,junggu_wydj1r2v_001|donggu_wydj1rd1_001,1.75,2.805951596746838,3.6413428837909123,3.6413428837909123,0.0,junggu_wydj1r2v_001|junggu_wydj1q07_001,1.5,3.0484354698515563,5.22378051674877,4.079085963380343,1.144694553368427,True,1,1.5824376329578573,-16.666666666666664,OK
V082,adjacent,donggu,3.2455648896561167,3091.644872495746,109,4.219234356552952,seogu_wydj6b60_001|seogu_wydj6b3f_001,7.0,0.30048556405639104,4.406298329316672,4.406298329316672,0.0,seogu_wydj6b3f_001|seogu_wydj6b60_001,7.0,0.30048556405639104,4.482818874373433,4.406298329316672,0.07652054505676098,False,2,0.07652054505676098,0.0,OK
V083,adjacent,michuhol,2.324060845265705,186.2170064463904,82,3.021279098845417,yeonsu_wydhcvwu_001|yeonsu_wydhcvxm_001,6.5,2.3114251053965473,4.233104318429421,4.233104318429421,0.0,yeonsu_wydhcvx3_001|yeonsu_wydhcvwu_001,6.75,2.4946984290465553,4.4028535963999555,4.3720908660921936,0.030762730307762,True,1,0.16974927797053496,3.7037037037037033,OK
V084,adjacent,yeonsu,1.3223301295592371,1129.489272937131,6,1.7190291684270083,yeonsu_wydhcsp0_001|yeonsu_wydhcu9s_001,2.0,2.6625340918803593,3.9780315669503756,3.3499657096992395,0.6280658572511362,yeonsu_wydhcsp0_001|yeonsu_wydhcue2_001,2.5,3.1519950320628825,4.328348875513482,3.7584457667128803,0.5699031088006019,True,1,0.3503173085631066,20.0,OK
V085,adjacent,namdong,3.365919521018054,2826.032712256714,21,4.375695377323471,yeonsu_wydhfdgf_001|yeonsu_wydhfenh_001,4.75,3.50480210735652,6.294431874074002,6.294431874074002,0.0,yeonsu_wydhfdgf_001|yeonsu_wydhfenh_001,4.75,3.50480210735652,6.294431874074002,6.294431874074002,0.0,False,2,0.0,0.0,OK
V086,adjacent,bupyeong,3.2455363403873276,2055.185443822557,111,4.219197242503526,gyeyang_wydje8me_001|gyeyang_wydj7rft_001,7.0,0.8626162766977012,8.010352937958405,4.88009583382072,3.1302571041376854,gyeyang_wydj7rft_001|gyeyang_wydje8me_001,7.0,0.8626162766977012,4.88009583382072,4.88009583382072,0.0,False,2,-3.1302571041376854,0.0,OK
V087,adjacent,gyeyang,1.4425332049626776,1126.7194005873232,10,1.875293166451481,gyeyang_wydjs38k_001|gyeyang_wydjs1jz_001,1.0,1.1259903233882622,2.6521090868811346,2.6521090868811346,0.0,gyeyang_wydjs477_001|gyeyang_wydjs5h3_001,2.5,3.9283247193042348,4.6582670988949015,4.164305026500614,0.4939620723942877,True,0,2.006158012013767,60.0,OK
V088,adjacent,seogu,2.9652446445508986,2922.939104744825,5,3.8548180379161683,seogu_wydjc784_001|seogu_wydjc786_001,2.25,0.1299518498236245,3.9749849115416818,3.9231885578329746,0.051796353708707166,seogu_wydjc784_001|seogu_wydjc786_001,2.25,0.1299518498236245,3.9749849115416818,3.9231885578329746,0.051796353708707166,False,2,0.0,0.0,OK
V089,adjacent,ganghwa,1.3223179374763085,276.50427220561284,10,1.7190133187192012,ganghwa_wy9ywm9n_001|ganghwa_wy9ywq8e_001,1.0,0.024525172917648774,1.73775855268968,1.73775855268968,0.0,ganghwa_wy9ywjtw_001|ganghwa_wy9ywpye_001,1.5,1.1630852753046934,2.8556808034773695,2.8556808034773695,0.0,True,0,1.1179222507876896,33.33333333333333,OK
V090,adjacent,junggu,1.723039666458317,1229.6911368396823,6,2.239951566395812,junggu_wydj1q07_001|junggu_wydj1r2v_001,1.5,3.063696973516852,5.379594137305148,4.251137888218365,1.128456249086783,junggu_wydj1r2v_001|junggu_wydj1q8f_001,1.5,3.2180693694879,4.150752071984009,4.150752071984009,0.0,True,1,-1.228842065321139,0.0,OK
V091,adjacent,donggu,2.1237288208526266,1038.9479484611109,47,2.7608474671084147,junggu_wydj1rj6_001|donggu_wydj1rpb_001,2.5,0.16930303123777968,3.5323028356652078,2.9779007052625315,0.5544021304026763,junggu_wydj1qpm_001|junggu_wydj1w0t_001,3.25,1.8304597969273924,3.918559732315148,3.8111841817677954,0.10737555054735282,True,0,0.38625689664994045,23.076923076923077,OK
V092,adjacent,michuhol,2.243949199824158,642.2717842973335,71,2.917133959771405,yeonsu_wydhcvxm_001|yeonsu_wydhcvwu_001,6.5,3.1714101643414345,4.6441580206937,4.547447981580823,0.09671003911287723,yeonsu_wydhcvx3_001|yeonsu_wydhcvxm_001,6.75,3.35107136028107,4.6869441162696415,4.6869441162696415,0.0,True,1,0.042786095575941374,3.7037037037037033,OK
V093,adjacent,yeonsu,1.1219643475831123,843.5963476013154,11,1.458553651858046,yeonsu_wydhcsp0_001|yeonsu_wydhcu9s_001,2.0,1.932346987689456,2.7026259289890784,2.7026259289890784,0.0,yeonsu_wydhcvkq_001|yeonsu_wydhcsp0_001,3.0,2.862572073776095,4.871316756673231,3.6845883212040578,1.1867284354691732,True,1,2.1686908276841526,33.33333333333333,OK
V094,adjacent,namdong,2.3641395422246796,1246.3048699424462,17,3.073381404892084,namdong_wydhg8u8_001|namdong_wydhg8x0_001,1.75,0.2735411139840651,3.7959451629980205,3.492946067659352,0.30299909533866876,namdong_wydhewz6_001|namdong_wydhg8x0_001,1.0,0.7589939299872643,3.637812525314873,3.637812525314873,0.0,True,1,-0.15813263768314734,-75.0,OK
V095,adjacent,bupyeong,3.966986735827062,2083.75976870766,130,5.15708275657518,gyeyang_wydje8me_001|gyeyang_wydj7rft_001,7.0,1.1396251643824717,9.010150559395692,6.033078128211512,2.9770724311841796,gyeyang_wydj7rft_001|gyeyang_wydje8me_001,7.0,1.1396251643824717,6.033078128211512,6.033078128211512,0.0,False,2,-2.9770724311841796,0.0,OK
V096,adjacent,gyeyang,1.5226768315679313,1111.3446699392798,7,1.9794798810383107,gyeyang_wydjs38k_001|gyeyang_wydjs1jz_001,1.0,1.7096586414384345,3.193506124947319,3.193506124947319,0.0,gyeyang_wydjs477_001|gyeyang_wydjs5h3_001,2.5,3.9660893795263052,4.728381592747772,4.340328622043473,0.3880529707042992,True,0,1.5348754678004535,60.0,OK
V097,adjacent,seogu,2.4042248979466274,1362.8992738992483,12,3.1254923673306156,seogu_wydjdhfn_001|seogu_wydjd591_001,3.0,1.6504112334367296,4.214835235522073,4.214835235522073,0.0,seogu_wydjdhfn_001|seogu_wydjdj4b_001,3.0,2.122624298861173,4.348270073408527,4.319798885901102,0.02847118750742439,True,1,0.13343483788645383,0.0,OK
V098,adjacent,ganghwa,1.8031555345182364,379.66945299388607,4,2.3441021948737073,ganghwa_wy9yy6jw_001|ganghwa_wy9yy6bx_001,1.0,0.6294465843367476,3.859104659845491,3.4641812482842207,0.3949234115612703,ganghwa_wy9yy6bx_001|ganghwa_wy9yy6jw_001,1.0,0.6294465843367476,3.4641812482842207,3.4641812482842207,0.0,False,2,-0.3949234115612703,0.0,OK
V099,adjacent,junggu,1.6028096737123658,1339.1019096623868,5,2.0836525758260755,junggu_wydj0cvg_001|junggu_wydj0fks_001,1.0,2.3560235664810247,3.51334442136739,3.51334442136739,0.0,junggu_wydj0fks_001|junggu_wydj0fw8_001,1.0,3.0943013991675787,4.0110345064972766,3.8797800474237936,0.131254459073483,True,1,0.49769008512988666,0.0,OK
S000,separated,bupyeong,1.1763405219313912,0.0,24,1.5292426785108086,bupyeong_wydj5mc0_001|bupyeong_wydj5n0g_001,2.25,0.7507771869072688,4.088138376837714,2.4004918582659585,1.6876465185717553,bupyeong_wydj5n0g_001|namdong_wydj5m19_001,2.5,0.9632296817420973,2.4303363209676965,2.4303363209676965,0.0,True,1,-1.6578020558700173,10.0,OK
S001,separated,donggu,1.1051309260804092,0.0,83,1.436670203904532,junggu_wydj1tj4_001|donggu_wydj1vg9_001,3.25,0.8355034801222501,2.6083602067189875,2.6083602067189875,0.0,junggu_wydj1tj4_001|junggu_wydj1swq_001,3.5,1.0041551297322227,2.050946040475586,2.050946040475586,0.0,True,1,-0.5574141662434013,7.142857142857142,OK
S002,separated,ganghwa,1.9385596655739539,0.0,2,2.52012756524614,ganghwa_wy9yjqr2_001|ganghwa_wy9yjnnh_001,1.0,0.9626243138803012,3.45293932647669,3.45293932647669,0.0,ganghwa_wy9yjqr2_001|ganghwa_wy9yjnnh_001,1.0,0.9626243138803012,3.45293932647669,3.45293932647669,0.0,False,2,0.0,0.0,OK
S003,separated,gyeyang,2.7987793861058,0.0,8,3.63841320193754,gyeyang_wydjucwz_001|gyeyang_wydjucjd_001,3.0,0.20260978239078664,4.185121045020825,4.185121045020825,0.0,gyeyang_wydjucwz_001|gyeyang_wydjucjd_001,3.0,0.20260978239078664,4.185121045020825,4.185121045020825,0.0,False,2,0.0,0.0,OK
S004,separated,junggu,2.833668569322798,0.0,2,3.6837691401196375,junggu_wy9vh4np_001|junggu_wy9vh1n4_001,1.0,2.0396420579193357,5.460486484621257,5.460486484621257,0.0,junggu_wy9vh4np_001|junggu_wy9vh1n4_001,1.0,2.0396420579193357,5.460486484621257,5.460486484621257,0.0,False,2,0.0,0.0,OK
S005,separated,michuhol,1.9657539737573488,0.0,59,2.5554801658845534,namdong_wydj50yu_001|namdong_wydj50wu_001,3.0,0.09140786948767587,2.984711508841934,2.6178822951022394,0.36682921373969446,michuhol_wydj4cnv_001|namdong_wydj50yu_001,3.5,0.8156937761721434,4.047703705002597,4.047703705002597,0.0,True,1,1.0629921961606632,14.285714285714285,OK
S006,separated,namdong,3.0379617954577194,0.0,9,3.9493503340950356,namdong_wydhezzy_001|namdong_wydhgbnk_001,1.0,1.4658658290315367,5.111510796542492,4.847022486628446,0.2644883099140465,namdong_wydhgbmr_001|namdong_wydhezzy_001,1.5,1.9405971351076312,5.40260993543141,5.40260993543141,0.0,True,1,0.29109913888891725,33.33333333333333,OK
S007,separated,seogu,3.8165988049144945,0.0,47,4.9615784463888435,seogu_wydjf7yt_001|seogu_wydjf7zh_001,2.5,0.020928958337231407,4.999647640267041,4.999647640267041,0.0,seogu_wydjfjjw_001|seogu_wydjfee0_001,3.5,1.2730847676559245,7.755471405009548,7.755471405009548,0.0,True,0,2.755823764742507,28.57142857142857,OK
S008,separated,yeonsu,3.4579437721618653,0.0,57,4.495326903810425,yeonsu_wydhfdgf_001|yeonsu_wydhfe9f_001,6.0,1.5298529496189648,5.628485082540995,5.628485082540995,0.0,yeonsu_wydhfe9f_001|yeonsu_wydhfdgf_001,6.0,1.5298529496189648,6.248135816298501,5.628485082540995,0.6196507337575063,False,2,0.6196507337575063,0.0,OK
S009,separated,bupyeong,1.2815928496015223,0.0,11,1.6660707044819791,bupyeong_wydj7947_001|bupyeong_wydj78d1_001,1.5,1.8377462796856983,2.982370242541927,2.982370242541927,0.0,bupyeong_wydj7869_001|bupyeong_wydj78d1_001,2.25,2.5165292863234088,3.1397869026977143,3.1397869026977143,0.0,True,1,0.15741666015578737,33.33333333333333,OK
S010,separated,donggu,2.8920785900697585,0.0,168,3.759702167090686,michuhol_wydj455f_001|michuhol_wydj46th_001,3.5,0.3805918825004295,4.252022920989736,4.252022920989736,0.0,michuhol_wydj455f_001|michuhol_wydj46th_001,3.5,0.3805918825004295,4.252022920989736,4.252022920989736,0.0,False,2,0.0,0.0,OK
S011,separated,ganghwa,2.0260483787230354,0.0,4,2.633862892339946,ganghwa_wy9yqe4d_001|ganghwa_wy9yqc89_001,1.0,1.4290441771619804,3.8638543009873043,3.8638543009873043,0.0,ganghwa_wy9yqe4d_001|ganghwa_wy9yqc89_001,1.0,1.4290441771619804,3.8638543009873043,3.8638543009873043,0.0,False,2,0.0,0.0,OK
S012,separated,gyeyang,3.258325626033754,0.0,112,4.2358233138438806,gyeyang_wydjgbyq_001|gyeyang_wydjgbyt_001,7.5,0.3994562865965223,4.457197214979723,4.457197214979723,0.0,gyeyang_wydjgbyq_001|gyeyang_wydjgbyt_001,7.5,0.3994562865965223,4.457197214979723,4.457197214979723,0.0,False,2,0.0,0.0,OK
S013,separated,junggu,3.3375004631017924,0.0,2,4.33875060203233,junggu_wy9vh4np_001|junggu_wy9vh1n4_001,1.0,2.615801802629764,6.4684991446083036,6.4684991446083036,0.0,junggu_wy9vh4np_001|junggu_wy9vh1n4_001,1.0,2.615801802629764,6.4684991446083036,6.4684991446083036,0.0,False,2,0.0,0.0,OK
S014,separated,michuhol,1.3359294020277048,0.0,71,1.7367082226360164,michuhol_wydj4cqm_001|namdong_wydj512h_001,3.25,1.546804257988443,2.946057853225688,2.592567538556203,0.353490314669485,michuhol_wydj4cnv_001|michuhol_wydj4cqm_001,3.75,1.8490954958091126,2.8047453296453995,2.8047453296453995,0.0,True,1,-0.14131252358028856,13.333333333333334,OK
S015,separated,namdong,2.367891055221285,0.0,29,3.078258371787671,namdong_wydhupx2_001|namdong_wydhgw2j_001,2.25,2.4018991852054734,5.747626376121266,5.747626376121266,0.0,namdong_wydhgmwt_001|namdong_wydhupx2_001,3.0,2.902086943365833,11.229753532327473,6.140953073354884,5.08880045897259,True,1,5.482127156206207,25.0,OK
S016,separated,seogu,1.1383317935155006,0.0,4,1.4798313315701508,gyeyang_wydjer1h_001|gyeyang_wydjeq8x_001,2.25,0.3164674457453436,2.261529742963154,1.7031925837845217,0.5583371591786324,gyeyang_wydjer1h_001|gyeyang_wydjer1k_001,2.5,0.47872872982133474,1.7553003862742282,1.7466633993178058,0.008636986956422454,True,1,-0.5062293566889258,10.0,OK
S017,separated,yeonsu,2.371249651533132,0.0,138,3.0826245469930718,yeonsu_wydhftjr_001|yeonsu_wydhfthc_001,8.75,0.3571938224933384,3.2759477890247477,3.2759477890247477,0.0,yeonsu_wydhftjr_001|yeonsu_wydhfms1_001,10.25,2.301331105642642,5.408361402931373,5.408361402931373,0.0,True,1,2.132413613906625,14.634146341463413,OK
S018,separated,bupyeong,2.39519362491788,0.0,77,3.113751712393244,seogu_wydj6b4z_001|seogu_wydj6b5n_001,7.0,1.3794156330807819,3.8688203195934525,3.8118352196825986,0.056985099910853876,seogu_wydj6b4z_001|seogu_wydj6b5n_001,7.0,1.3794156330807819,3.8688203195934525,3.8118352196825986,0.056985099910853876,False,2,0.0,0.0,OK
S019,separated,donggu,1.5228437814744695,0.0,102,1.9796969159168105,junggu_wydj1tk0_001|junggu_wydj1tj4_001,3.5,0.03324017237210031,1.9994294927948624,1.9994294927948624,0.0,junggu_wydj1tk0_001|junggu_wydj1tj4_001,3.5,0.03324017237210031,1.9994294927948624,1.9994294927948624,0.0,False,2,0.0,0.0,OK
S020,separated,ganghwa,3.9155802336689174,0.0,5,5.090254303769592,ganghwa_wy9vvhjt_001|ganghwa_wy9vv7ze_001,1.0,0.4432836806256528,5.739792587549531,5.739792587549531,0.0,ganghwa_wy9vvhjt_001|ganghwa_wy9vv7ze_001,1.0,0.4432836806256528,5.739792587549531,5.739792587549531,0.0,False,2,0.0,0.0,OK
S021,separated,gyeyang,1.515348084583359,0.0,15,1.9699525099583666,gyeyang_wydjer1h_001|gyeyang_wydjg8c0_001,2.75,0.35950850663052236,5.557923634138849,2.351804119386905,3.206119514751944,gyeyang_wydjer1h_001|gyeyang_wydjg8c0_001,2.75,0.35950850663052236,5.557923634138849,2.351804119386905,3.206119514751944,False,2,0.0,0.0,OK
S022,separated,junggu,1.5470721452724847,0.0,3,2.0111937888542304,junggu_wy9vh1n4_001|junggu_wy9vh4np_001,1.0,0.39652699691614135,3.5257104654426694,2.7350455604204855,0.7906649050221839,junggu_wy9vh1n4_001|junggu_wy9vh4np_001,1.0,0.39652699691614135,3.5257104654426694,2.7350455604204855,0.7906649050221839,False,2,0.0,0.0,OK
S023,separated,michuhol,2.660665007417653,0.0,146,3.458864509642949,junggu_wydj1tj4_001|junggu_wydj1swq_001,3.5,1.2850399052521944,4.730822120897962,4.204139595357959,0.5266825255400027,junggu_wydj1tj4_001|junggu_wydj1swq_001,3.5,1.2850399052521944,4.730822120897962,4.204139595357959,0.5266825255400027,False,2,0.0,0.0,OK
S024,separated,namdong,3.2963923157807336,0.0,3,4.285310010514954,namdong_wydhuwjr_001|namdong_wydhuk6p_001,1.5,2.774991432178088,9.468261060258305,6.390087771754411,3.078173288503894,namdong_wydhuwjr_001|namdong_wydhuk6p_001,1.5,2.774991432178088,9.468261060258305,6.390087771754411,3.078173288503894,False,2,0.0,0.0,OK
S025,separated,seogu,3.690199895579362,0.0,45,4.797259864253171,seogu_wydjfee0_001|seogu_wydjf7zh_001,2.75,0.10718348974797465,6.01310421769298,5.085189692915458,0.9279145247775222,seogu_wydjfjjw_001|seogu_wydjfee0_001,3.5,0.7157024832555203,5.8855947060832,5.8855947060832,0.0,True,1,-0.1275095116097802,21.428571428571427,OK
S026,separated,yeonsu,1.4205854795179595,0.0,128,1.8467611233733474,yeonsu_wydhcuqb_001|yeonsu_wydhcupj_001,7.25,1.9796553744921304,2.8730149068476027,2.8730149068476027,0.0,yeonsu_wydhfms1_001|yeonsu_wydhfmsf_001,10.25,4.166182787844027,4.0158004951125745,4.0158004951125745,0.0,True,0,1.1427855882649718,29.268292682926827,OK
S027,separated,bupyeong,1.3556698796567501,0.0,18,1.7623708435537753,namdong_wydjhh84_001|namdong_wydjhh88_001,1.5,0.30343120674983437,2.0561716400433103,1.9815501708761327,0.0746214691671776,namdong_wydj5sp2_001|namdong_wydj5u09_001,2.75,1.3266685449110511,2.6499600964936123,2.615925599607834,0.03403449688577842,True,0,0.593788456450302,45.45454545454545,OK
S028,separated,donggu,2.959555746695404,0.0,160,3.8474224707040254,michuhol_wydj455f_001|donggu_wydj1vg9_001,3.25,0.28453380263196504,8.94108432489783,4.0803671785814535,4.860717146316376,michuhol_wydj455f_001|junggu_wydj1srn_001,3.5,0.49054966096584085,8.154495543655816,4.550875189428657,3.603620354227159,True,1,-0.7865887812420134,7.142857142857142,OK
S029,separated,ganghwa,2.8065771899936576,0.0,7,3.648550346991755,ganghwa_wy9yvmgv_001|ganghwa_wy9yvkuq_001,1.0,0.12035522490786121,3.8809436911122406,3.8809436911122406,0.0,ganghwa_wy9yvmgv_001|ganghwa_wy9yvkuq_001,1.0,0.12035522490786121,3.8809436911122406,3.8809436911122406,0.0,False,2,0.0,0.0,OK
S030,separated,gyeyang,1.5014829962033325,0.0,5,1.9519278950643324,seogu_wydjdu83_001|seogu_wydjdgbw_001,1.5,4.098239560288544,4.247883499100326,4.247883499100326,0.0,seogu_wydjdu83_001|seogu_wydjdsr8_001,2.0,4.382763763563487,4.26993114801933,4.26993114801933,0.0,True,1,0.02204764891900357,25.0,OK
S031,separated,junggu,3.592627453088266,0.0,3,4.670415689014746,junggu_wy9vrjh8_001|junggu_wy9vr9b6_001,1.0,1.8475647224585385,6.500481696664911,6.500481696664911,0.0,junggu_wy9vrjh8_001|junggu_wy9vr9b6_001,1.0,1.8475647224585385,6.500481696664911,6.500481696664911,0.0,False,2,0.0,0.0,OK
S032,separated,michuhol,1.1130026151503596,0.0,57,1.4469033996954674,michuhol_wydj4cnv_001|michuhol_wydj4cn5_001,3.75,0.01671929914028425,1.457549248031511,1.457549248031511,0.0,michuhol_wydj4cnv_001|michuhol_wydj4cn5_001,3.75,0.01671929914028425,1.457549248031511,1.457549248031511,0.0,False,2,0.0,0.0,OK
S033,separated,namdong,1.1981568608079138,0.0,7,1.557603919050288,namdong_wydhuk8g_001|namdong_wydhuk91_001,2.5,1.992703529606004,2.6477175843405174,2.577892974109444,0.06982461023107334,namdong_wydhuk8g_001|namdong_wydhuk91_001,2.5,1.992703529606004,2.6477175843405174,2.577892974109444,0.06982461023107334,False,2,0.0,0.0,OK
S034,separated,seogu,1.9597743343855873,0.0,40,2.547706634701264,seogu_wydjddmt_001|seogu_wydjddtd_001,3.0,0.007874565063669792,2.731803678560704,2.577383576430657,0.15442010213004664,seogu_wydjddmt_001|seogu_wydjddtd_001,3.0,0.007874565063669792,2.731803678560704,2.577383576430657,0.15442010213004664,False,2,0.0,0.0,OK
S035,separated,yeonsu,1.7018358630418002,0.0,84,2.2123866219543404,yeonsu_wydhftjr_001|yeonsu_wydhgj9e_001,9.0,1.8411666129998063,3.718657283192316,3.718657283192316,0.0,yeonsu_wydhftjr_001|yeonsu_wydhgj9e_001,9.0,1.8411666129998063,3.718657283192316,3.718657283192316,0.0,False,2,0.0,0.0,OK
S036,separated,bupyeong,1.719278214156111,0.0,11,2.2350616784029445,bupyeong_wydj7crw_001|bupyeong_wydj7fy4_001,1.0,0.5363674543169066,3.117348473069383,3.117348473069383,0.0,bupyeong_wydj7crw_001|bupyeong_wydj7fu5_001,1.25,0.8069821325603503,3.5284825217055533,3.5284825217055533,0.0,True,1,0.4111340486361703,20.0,OK
S037,separated,donggu,3.658054803813155,0.0,169,4.755471244957102,michuhol_wydj47q7_001|michuhol_wydj47nu_001,3.5,0.3908459843607366,5.004662690102766,5.004662690102766,0.0,michuhol_wydj47q7_001|michuhol_wydj47nu_001,3.5,0.3908459843607366,5.004662690102766,5.004662690102766,0.0,False,2,0.0,0.0,OK
S038,separated,ganghwa,2.192570452369143,0.0,3,2.850341588079886,ganghwa_wy9zh17q_001|ganghwa_wy9z5b2t_001,1.0,2.2938646326161316,5.687996812957309,5.687996812957309,0.0,ganghwa_wy9zh17q_001|ganghwa_wy9z5b2t_001,1.0,2.2938646326161316,5.687996812957309,5.687996812957309,0.0,False,2,0.0,0.0,OK
S039,separated,gyeyang,3.4535353349683775,0.0,41,4.489595935458891,gyeyang_wydjer1h_001|gyeyang_wydjg8c0_001,2.75,1.0434555653123843,5.5780235721019995,5.5780235721019995,0.0,gyeyang_wydjer1h_001|gyeyang_wydjgbfg_001,4.0,2.7504486072020615,7.252920624756097,7.252920624756097,0.0,True,1,1.6748970526540976,31.25,OK
S040,separated,junggu,3.254442933849557,0.0,35,4.230775814004424,seogu_wydjd591_001|seogu_wydjd1g0_001,2.25,0.45033792101265124,6.713974650311439,5.105953531293598,1.6080211190178408,seogu_wydjdhfn_001|seogu_wydjd1g0_001,3.25,1.805767184920172,8.826461756323626,6.523789040304568,2.3026727160190577,True,1,2.1124871060121873,30.76923076923077,OK
S041,separated,michuhol,3.055075667012613,0.0,151,3.971598367116397,michuhol_wydj47q7_001|michuhol_wydj47nu_001,3.5,0.4781195999625414,4.528381025984064,4.268203764432696,0.26017726155136867,michuhol_wydj47q7_001|michuhol_wydj47nu_001,3.5,0.4781195999625414,4.528381025984064,4.268203764432696,0.26017726155136867,False,2,0.0,0.0,OK
S042,separated,namdong,2.282459694108027,0.0,7,2.967197602340435,namdong_wydhuk91_001|namdong_wydhuk8g_001,2.5,1.4730123674730922,3.750821162188478,3.750821162188478,0.0,namdong_wydhuk91_001|namdong_wydhuk8g_001,2.5,1.4730123674730922,3.750821162188478,3.750821162188478,0.0,False,2,0.0,0.0,OK
S043,separated,seogu,2.3011358981826886,0.0,3,2.991476667637495,seogu_wydjfnb4_001|seogu_wydjcywr_001,1.0,3.434825353525067,5.130335966616847,4.829993480165876,0.3003424864509707,seogu_wydn4605_001|seogu_wydjfnb4_001,1.5,3.7149113989698757,7.8409912585468655,7.626050934817591,0.21494032372927485,True,1,2.710655291930019,33.33333333333333,OK
S044,separated,yeonsu,2.196627352852392,0.0,145,2.85561555870811,yeonsu_wydhftjr_001|yeonsu_wydhfthc_001,8.75,0.022490548940282018,3.1448146822850918,2.8892533751303606,0.25556130715473113,yeonsu_wydhfms1_001|yeonsu_wydhftjr_001,10.25,0.9952391910161613,5.121988517391797,4.494657706155045,0.6273308112367522,True,1,1.9771738351067052,14.634146341463413,OK
S045,separated,bupyeong,1.9344193263743756,0.0,18,2.5147451242866885,bupyeong_wydj7869_001|bupyeong_wydj786k_001,2.25,0.016360619932380693,2.5498422208810876,2.5498422208810876,0.0,bupyeong_wydj7869_001|bupyeong_wydj786k_001,2.25,0.016360619932380693,2.5498422208810876,2.5498422208810876,0.0,False,2,0.0,0.0,OK
S046,separated,donggu,1.1579630778015302,0.0,84,1.5053520011419892,junggu_wydj1szg_001|junggu_wydj1sx8_001,3.0,0.37447934221912105,2.0233975209934396,1.9068368115706098,0.11656070942282981,junggu_wydj1swq_001|junggu_wydj1szg_001,3.25,0.5340574476383619,2.054636905426538,2.0325524861866224,0.022084419239915665,True,1,0.031239384433098483,7.6923076923076925,OK
S047,separated,ganghwa,3.1478370839082594,0.0,12,4.092188209080738,ganghwa_wy9ywxuf_001|ganghwa_wy9ywxv7_001,1.5,0.0726572833449568,4.225454865752338,4.188502800181082,0.0369520655712563,ganghwa_wy9ywxuf_001|ganghwa_wy9ywxv7_001,1.5,0.0726572833449568,4.225454865752338,4.188502800181082,0.0369520655712563,False,2,0.0,0.0,OK
S048,separated,gyeyang,3.6216709093304376,0.0,62,4.708172182129569,gyeyang_wydjeddb_001|gyeyang_wydjeep3_001,6.0,2.180253669595163,6.078497584220932,6.078497584220932,0.0,gyeyang_wydjeep3_001|gyeyang_wydjedzp_001,6.5,2.670636324408373,6.181803055628504,6.070067627152357,0.11173542847614737,True,1,0.10330547140757229,7.6923076923076925,OK
S049,separated,junggu,1.6499582260877013,0.0,2,2.144945693914012,junggu_wy9vrdmh_001|junggu_wy9vr9b6_001,1.0,2.910864451464036,4.051538220963224,4.051538220963224,0.0,junggu_wy9vrdmh_001|junggu_wy9vr9b6_001,1.0,2.910864451464036,4.051538220963224,4.051538220963224,0.0,False,2,0.0,0.0,OK
S050,separated,michuhol,1.3221230842086598,0.0,96,1.7187600094712578,michuhol_wydj49w5_001|michuhol_wydj49tf_001,3.5,0.006314803419226855,1.7237048795479526,1.7237048795479526,0.0,michuhol_wydj491k_001|michuhol_wydj496n_001,4.0,0.552069006879039,2.513838683414957,2.0367629277276973,0.4770757556872596,True,0,0.7901338038670043,12.5,OK
S051,separated,namdong,2.7057943923939356,0.0,35,3.5175327101121163,namdong_wydhupx2_001|namdong_wydhuprr_001,2.0,1.182788529481555,4.142593244314061,4.142484875917754,0.0001083683963072346,namdong_wydhupx2_001|namdong_wydj5f4q_001,3.0,2.372808814008784,9.329359634413517,5.92514059038952,3.404219044023997,True,1,5.186766390099456,33.33333333333333,OK
S052,separated,seogu,1.9846291742451514,0.0,25,2.580017926518697,seogu_wydjfj5z_001|seogu_wydjfjk1_001,3.5,1.096734978174215,3.2145661620134707,3.1375468342745303,0.07701932773894038,seogu_wydjfjjw_001|seogu_wydjfj5z_001,3.75,1.3610934945577151,3.424228203946354,3.424228203946354,0.0,True,1,0.20966204193288318,6.666666666666667,OK
S053,separated,yeonsu,2.6380768010955946,0.0,183,3.429499841424273,yeonsu_wydhfms1_001|yeonsu_wydhfmsf_001,10.25,0.1426785804337034,3.506810389892036,3.506810389892036,0.0,yeonsu_wydhfms1_001|yeonsu_wydhfmsf_001,10.25,0.1426785804337034,3.506810389892036,3.506810389892036,0.0,False,2,0.0,0.0,OK
S054,separated,bupyeong,2.192392076461654,0.0,36,2.85010969940015,michuhol_wydj5rk4_001|bupyeong_wydj5r5v_001,1.5,0.09289372650186145,2.8990524283673125,2.8990524283673125,0.0,bupyeong_wydj5n0g_001|michuhol_wydj5rk4_001,2.5,0.9929681087489932,6.643095626398517,4.086572610538269,2.5565230158602477,True,1,3.7440431980312043,40.0,OK
S055,separated,donggu,1.2592185682670736,0.0,81,1.6369841387471957,junggu_wydj1qpm_001|junggu_wydj1tk0_001,3.5,0.19465054812847682,1.7954932308322387,1.7954932308322387,0.0,junggu_wydj1qpm_001|junggu_wydj1tk0_001,3.5,0.19465054812847682,1.7954932308322387,1.7954932308322387,0.0,False,2,0.0,0.0,OK
S056,separated,ganghwa,1.6828685143867572,0.0,2,2.1877290687027844,ganghwa_wy9yhmjg_001|ganghwa_wy9yh5yc_001,1.0,1.0167228201624665,4.355600268564482,4.093704448095419,0.26189582046906246,ganghwa_wy9yhmjg_001|ganghwa_wy9yh5yc_001,1.0,1.0167228201624665,4.355600268564482,4.093704448095419,0.26189582046906246,False,2,0.0,0.0,OK
S057,separated,gyeyang,2.00256588718255,0.0,53,2.603335653337315,gyeyang_wydjeep3_001|gyeyang_wydjeddb_001,6.0,1.678777441752001,3.692841608980511,3.692841608980511,0.0,gyeyang_wydjeep3_001|gyeyang_wydjedzp_001,6.5,1.9819961865474696,3.620028441755312,3.620028441755312,0.0,True,1,-0.07281316722519904,7.6923076923076925,OK
S058,separated,junggu,3.8964284076599247,0.0,2,5.065356929957902,junggu_wy9uuwnm_001|junggu_wy9vh26s_001,1.0,1.7336637309299032,7.25898505127685,7.25898505127685,0.0,junggu_wy9uuwnm_001|junggu_wy9vh26s_001,1.0,1.7336637309299032,7.25898505127685,7.25898505127685,0.0,False,2,0.0,0.0,OK
S059,separated,michuhol,1.3946196219500036,0.0,112,1.8130055085350048,michuhol_wydj46y9_001|michuhol_wydj46vp_001,3.5,0.0013074319849495364,2.3995172037180836,1.8163716050705592,0.5831455986475245,michuhol_wydj496n_001|michuhol_wydj46y9_001,3.75,0.438763807011183,4.173235989083536,2.286193227163435,1.887042761920101,True,1,1.7737187853654524,6.666666666666667,OK
S060,separated,namdong,2.106870770078692,0.0,92,2.7389320011022997,yeonsu_wydhgj9e_001|yeonsu_wydhgjd1_001,8.5,0.002700971398355012,2.8833158770285157,2.7411230756292673,0.1421928013992484,yeonsu_wydhgj9e_001|yeonsu_wydhgjd1_001,8.5,0.002700971398355012,2.8833158770285157,2.7411230756292673,0.1421928013992484,False,2,0.0,0.0,OK
S061,separated,seogu,3.3136779231162534,0.0,28,4.30778130005113,seogu_wydjfz47_001|seogu_wydjg5b9_001,3.25,2.7479687685269454,7.848843761288123,7.848843761288123,0.0,seogu_wydjg587_001|seogu_wydjg5b9_001,3.75,3.12639798183079,6.050939071496861,6.008897542549294,0.04204152894756774,True,1,-1.7979046897912614,13.333333333333334,OK
S062,separated,yeonsu,1.0594337814148693,0.0,122,1.3772639158393303,yeonsu_wydhfms1_001|yeonsu_wydhfmt1_001,10.25,1.8164475871225831,2.4183883017327936,2.4183883017327936,0.0,yeonsu_wydhfms1_001|yeonsu_wydhfmt1_001,10.25,1.8164475871225831,2.4183883017327936,2.4183883017327936,0.0,False,2,0.0,0.0,OK
S063,separated,bupyeong,3.9346079025454794,0.0,128,5.1149902733091235,namdong_wydj57ew_001|namdong_wydj50yu_001,3.0,0.5649275682766604,5.940633484396324,5.940633484396324,0.0,namdong_wydj57ew_001|namdong_wydj50yu_001,3.0,0.5649275682766604,5.940633484396324,5.940633484396324,0.0,False,2,0.0,0.0,OK
S064,separated,donggu,1.8995751528876155,0.0,99,2.4694476987539002,donggu_wydj1vg9_001|donggu_wydj1ydk_001,3.25,0.29650487006091675,3.668845272381483,2.9746300532767904,0.6942152191046924,donggu_wydj1ydk_001|donggu_wydj1vg9_001,3.25,0.29650487006091675,2.9746300532767904,2.9746300532767904,0.0,False,2,-0.6942152191046924,0.0,OK
S065,separated,ganghwa,3.6247432945572355,0.0,3,4.712166282924406,ganghwa_wy9yjnnh_001|ganghwa_wy9yhz1s_001,1.0,2.4442305308934484,9.11995022223222,6.958753870589382,2.161196351642838,ganghwa_wy9yjnnh_001|ganghwa_wy9yhz1s_001,1.0,2.4442305308934484,9.11995022223222,6.958753870589382,2.161196351642838,False,2,0.0,0.0,OK
S066,separated,gyeyang,3.189395361627578,0.0,88,4.146213970115851,gyeyang_wydj7pwm_001|gyeyang_wydj7rft_001,6.25,2.5273374127226225,6.335558648558558,5.858291527523836,0.47726712103472213,gyeyang_wydj7rft_001|gyeyang_wydj7pwm_001,6.25,2.5273374127226225,5.858291527523836,5.858291527523836,0.0,False,2,-0.47726712103472213,0.0,OK
S067,separated,junggu,2.353354142063083,0.0,2,3.059360384682008,junggu_wydj09p9_001|junggu_wydj0bft_001,1.0,2.3972487328736887,4.637848113001626,4.637848113001626,0.0,junggu_wydj09p9_001|junggu_wydj0bft_001,1.0,2.3972487328736887,4.637848113001626,4.637848113001626,0.0,False,2,0.0,0.0,OK
S068,separated,michuhol,1.1027500767454326,0.0,60,1.4335750997690624,michuhol_wydj48cd_001|michuhol_wydj48uk_001,3.25,1.6928337372445892,2.4527941517350302,2.4527941517350302,0.0,yeonsu_wydhfmv6_001|michuhol_wydj491k_001,5.5,3.458412564109457,5.201967298844691,5.201967298844691,0.0,True,0,2.7491731471096608,40.909090909090914,OK
S069,separated,namdong,1.0673568361313006,0.0,4,1.3875638869706908,namdong_wydhuk6p_001|namdong_wydhuk91_001,2.25,3.0836146820984562,3.055526793369521,3.055526793369521,0.0,namdong_wydhuk91_001|namdong_wydhuk8g_001,2.5,3.4124158522156427,3.159416798723791,3.1458260181766153,0.013590780547175552,True,1,0.10389000535426973,10.0,OK
S070,separated,seogu,3.8169041557635266,0.0,4,4.961975402492585,seogu_wydn4bbk_001|seogu_wydn42zs_001,1.0,2.4000425829047227,8.501119704826209,6.601973848904525,1.8991458559216836,seogu_wydn4bbk_001|seogu_wydn4605_001,1.5,3.165105767870557,10.540242121191113,8.000874783880253,2.5393673373108605,True,1,2.039122416364904,33.33333333333333,OK
S071,separated,yeonsu,1.5971439920114654,0.0,40,2.076287189614905,yeonsu_wydhfdgf_001|yeonsu_wydhfdgz_001,4.75,1.215688434487162,2.7991363533326017,2.7991363533326017,0.0,yeonsu_wydhfe9f_001|yeonsu_wydhfdgf_001,6.0,1.9424825726420583,3.9381527387862265,3.5130183546853235,0.425134384100903,True,1,1.1390163854536248,20.833333333333336,OK
S072,separated,bupyeong,1.6788939139019752,0.0,32,2.182562088072568,seogu_wydj6b5n_001|seogu_wydj6b4z_001,7.0,2.604047365958126,3.5034402201866435,3.5034402201866435,0.0,seogu_wydj6b5n_001|seogu_wydj6b4z_001,7.0,2.604047365958126,3.5034402201866435,3.5034402201866435,0.0,False,2,0.0,0.0,OK
S073,separated,donggu,3.6454097334103213,0.0,202,4.7390326534334175,michuhol_wydj47n0_001|michuhol_wydj46y9_001,3.5,0.0006928333917786134,4.745624972107674,4.745624972107674,0.0,michuhol_wydj496n_001|michuhol_wydj47n0_001,3.75,0.28308267489634087,7.524093490210632,5.062567290316373,2.4615261998942586,True,1,2.778468518102958,6.666666666666667,OK
S074,separated,ganghwa,3.332819987371839,0.0,5,4.332665983583391,ganghwa_wy9yvkuq_001|ganghwa_wy9yuyps_001,1.0,0.407696850607425,8.865998407119722,4.67222501830263,4.1937733888170925,ganghwa_wy9yvkuq_001|ganghwa_wy9yuyps_001,1.0,0.407696850607425,8.865998407119722,4.67222501830263,4.1937733888170925,False,2,0.0,0.0,OK
S075,separated,gyeyang,3.3994348143664426,0.0,100,4.419265258676376,gyeyang_wydjspmc_001|gyeyang_wydjspnq_001,7.25,0.3869271472728162,4.798420545154227,4.619147180377224,0.17927336477700262,gyeyang_wydjspmc_001|gyeyang_wydjgbyq_001,7.5,0.535794015780767,4.801811486623212,4.801811486623212,0.0,True,1,0.003390941468984998,3.3333333333333335,OK
S076,separated,junggu,3.9078873044390057,0.0,2,5.080253495770708,junggu_wy9vw87u_001|junggu_wy9vrjh8_001,1.0,1.9976689217968868,12.78149840937289,6.865555937830397,5.915942471542493,junggu_wy9vw87u_001|junggu_wy9vrjh8_001,1.0,1.9976689217968868,12.78149840937289,6.865555937830397,5.915942471542493,False,2,0.0,0.0,OK
S077,separated,michuhol,3.1638346060448788,0.0,157,4.112984987858343,michuhol_wydj4cnv_001|michuhol_wydj49tf_001,3.75,0.30454733299752945,6.98156868819278,4.4537126304444214,2.527856057748359,michuhol_wydj4cnv_001|michuhol_wydj496n_001,4.0,0.778818790876346,8.079365037325637,4.971073583133947,3.10829145419169,True,1,1.0977963491328566,6.25,OK
S078,separated,namdong,1.565024410615781,0.0,3,2.0345317338005153,namdong_wydhezzy_001|namdong_wydhu0e5_001,1.0,3.7853409696483915,4.6350415976334425,4.6350415976334425,0.0,namdong_wydhezzy_001|namdong_wydhu0e5_001,1.0,3.7853409696483915,4.6350415976334425,4.6350415976334425,0.0,False,2,0.0,0.0,OK
S079,separated,seogu,3.1361416439968943,0.0,29,4.0769841371959625,seogu_wydn4605_001|seogu_wydjfm8c_001,2.25,0.9168651108311145,11.158327139891874,5.13041549942823,6.027911640463644,seogu_wydjfjjw_001|seogu_wydjfjty_001,3.5,2.0584822571652204,5.338823956138428,5.338823956138428,0.0,True,0,-5.819503183753446,35.714285714285715,OK
S080,separated,yeonsu,1.304198306497279,0.0,70,1.695457798446463,yeonsu_wydhgj9e_001|yeonsu_wydhgjd1_001,8.5,0.6383444073770801,2.102705727735665,2.070428255589169,0.03227747214649579,yeonsu_wydhgj9e_001|yeonsu_wydhgjd1_001,8.5,0.6383444073770801,2.102705727735665,2.070428255589169,0.03227747214649579,False,2,0.0,0.0,OK
S081,separated,bupyeong,2.060800756522782,0.0,19,2.679040983479617,bupyeong_wydj7fu5_001|bupyeong_wydj7f2m_001,1.25,0.21614676084844664,3.537733969164798,3.4315400587532743,0.1061939104115237,bupyeong_wydj7fu5_001|bupyeong_wydj7fup_001,1.5,0.34958136934748163,3.0181502085317575,2.883568841394707,0.13458136713705038,True,1,-0.5195837606330405,16.666666666666664,OK
S082,separated,donggu,1.6845310434944296,0.0,96,2.1898903565427585,michuhol_wydj455f_001|donggu_wydj1vg9_001,3.25,1.5418071652149288,7.34490579733797,3.618754840401743,3.7261509569362268,michuhol_wydj455f_001|donggu_wydj1vg9_001,3.25,1.5418071652149288,7.34490579733797,3.618754840401743,3.7261509569362268,False,2,0.0,0.0,OK
S083,separated,ganghwa,3.0879103585027305,0.0,3,4.01428346605355,ganghwa_wy9yjnnh_001|ganghwa_wy9yjqr2_001,1.0,0.35106948244760616,7.074551224255546,4.2523159788654095,2.8222352453901367,ganghwa_wy9yjnnh_001|ganghwa_wy9yjqr2_001,1.0,0.35106948244760616,7.074551224255546,4.2523159788654095,2.8222352453901367,False,2,0.0,0.0,OK
S084,separated,gyeyang,1.1014913795778682,0.0,24,1.4319387934512289,gyeyang_wydjed6n_001|gyeyang_wydjeddb_001,4.75,2.3104300066622634,2.6888533842109066,2.6888533842109066,0.0,gyeyang_wydjeep3_001|gyeyang_wydjedzp_001,6.5,4.379396669222508,3.725258189407932,3.6829060608303834,0.042352128577548775,True,0,1.0364048051970256,26.923076923076923,OK
S085,separated,junggu,1.3352779021432186,0.0,3,1.7358612727861842,junggu_wy9vr3k2_001|junggu_wy9vr9b6_001,1.0,3.7394923550441654,4.488175838751823,4.25672494239847,0.23145089635335303,junggu_wy9vr3k2_001|junggu_wy9vr9b6_001,1.0,3.7394923550441654,4.488175838751823,4.25672494239847,0.23145089635335303,False,2,0.0,0.0,OK
S086,separated,michuhol,1.8434063098920401,0.0,57,2.3964282028596524,namdong_wydj57ew_001|namdong_wydj5k5b_001,2.75,0.03716735701288654,2.8064121433401223,2.501251632238249,0.30516051110187314,namdong_wydj57ew_001|namdong_wydj5k5b_001,2.75,0.03716735701288654,2.8064121433401223,2.501251632238249,0.30516051110187314,False,2,0.0,0.0,OK
S087,separated,namdong,3.1855321925127185,0.0,7,4.141191850266535,namdong_wydhu1dc_001|namdong_wydhu0e5_001,1.0,2.5808171838128713,6.751173193886093,5.625484947174657,1.1256882467114355,namdong_wydhuk91_001|namdong_wydhuk8g_001,2.5,4.298955783582832,6.349487813089215,6.349487813089215,0.0,True,0,-0.4016853807968772,60.0,OK
S088,separated,seogu,3.6243173112897322,0.0,30,4.711612504676652,seogu_wydjfjty_001|seogu_wydjfjkj_001,3.0,1.4571931186766518,6.064454713182025,5.504420456681208,0.560034256500817,seogu_wydjfjjw_001|seogu_wydjfjk1_001,3.75,1.9890442981544814,6.065962141483997,5.794020874957562,0.2719412665264347,True,0,0.0015074283019718138,20.0,OK
S089,separated,yeonsu,1.2918678183653642,0.0,111,1.6794281638749735,yeonsu_wydhfms1_001|yeonsu_wydhfmt1_001,10.25,1.299933040735382,2.5037456617120792,2.4538541852412292,0.049891476470850016,yeonsu_wydhfms1_001|yeonsu_wydhfmt1_001,10.25,1.299933040735382,2.5037456617120792,2.4538541852412292,0.049891476470850016,False,2,0.0,0.0,OK
S090,separated,bupyeong,3.2350799971535724,0.0,25,4.2056039962996445,bupyeong_wydj7869_001|bupyeong_wydj78d1_001,2.25,0.028695143527889932,4.479176271715252,4.401325963427474,0.07785030828777817,bupyeong_wydj7869_001|bupyeong_wydj78d1_001,2.25,0.028695143527889932,4.479176271715252,4.401325963427474,0.07785030828777817,False,2,0.0,0.0,OK
S091,separated,donggu,1.0182995027635509,0.0,59,1.3237893535926162,donggu_wydj1vg9_001|donggu_wydj1ydk_001,3.25,0.3808493451730981,2.3700382530432,2.0664648574046867,0.30357339563851315,donggu_wydj1ydk_001|donggu_wydj1vg9_001,3.25,0.3808493451730981,2.0664648574046867,2.0664648574046867,0.0,False,2,-0.30357339563851315,0.0,OK
S092,separated,ganghwa,2.5424325812255337,0.0,7,3.305162355593194,ganghwa_wy9yvmgv_001|ganghwa_wy9yvkuq_001,1.0,0.05403527031781197,4.845542868149511,3.361878357703093,1.4836645104464186,ganghwa_wy9yvmgv_001|ganghwa_wy9yvkuq_001,1.0,0.05403527031781197,4.845542868149511,3.361878357703093,1.4836645104464186,False,2,0.0,0.0,OK
S093,separated,gyeyang,1.2635287974344545,0.0,34,1.6425874366647908,gyeyang_wydjgbyq_001|gyeyang_wydjgbyt_001,7.5,3.3245783724948392,3.3564292050031224,3.3467388236010644,0.009690381402057913,gyeyang_wydjgbyq_001|gyeyang_wydjgbyt_001,7.5,3.3245783724948392,3.3564292050031224,3.3467388236010644,0.009690381402057913,False,2,0.0,0.0,OK
S094,separated,junggu,2.9427934485900042,0.0,3,3.8256314831670055,junggu_wy9vh26s_001|junggu_wy9vh1n4_001,1.0,0.4818049162235867,4.8350524119323115,4.8350524119323115,0.0,junggu_wy9vh26s_001|junggu_wy9vh1n4_001,1.0,0.4818049162235867,4.8350524119323115,4.8350524119323115,0.0,False,2,0.0,0.0,OK
S095,separated,michuhol,1.3508125751152456,0.0,36,1.7560563476498192,namdong_wydj50yu_001|namdong_wydj529b_001,2.75,0.42869643194322715,2.0482003780772384,2.0482003780772384,0.0,namdong_wydj50yu_001|namdong_wydj50wu_001,3.0,0.6114112071570934,2.166461097056758,2.166461097056758,0.0,True,1,0.11826071897951973,8.333333333333332,OK
S096,separated,namdong,3.2916171566892887,0.0,25,4.279102303696075,namdong_wydhuk91_001|namdong_wydhuk8g_001,2.5,1.3397740182610534,5.057721044615404,4.957956771781182,0.0997642728342214,namdong_wydhuk91_001|namdong_wydhuk8g_001,2.5,1.3397740182610534,5.057721044615404,4.957956771781182,0.0997642728342214,False,2,0.0,0.0,OK
S097,separated,seogu,1.8139625440925846,0.0,97,2.35815130732036,michuhol_wydj47q7_001|michuhol_wydj455f_001,3.5,2.1365487580163953,6.219876020433366,4.0081137011753745,2.211762319257992,michuhol_wydj47q7_001|michuhol_wydj455f_001,3.5,2.1365487580163953,6.219876020433366,4.0081137011753745,2.211762319257992,False,2,0.0,0.0,OK
S098,separated,yeonsu,2.746074036961427,0.0,191,3.5698962480498553,yeonsu_wydhfms1_001|yeonsu_wydhfmt1_001,10.25,0.017912298872611476,3.629170676448628,3.629170676448628,0.0,yeonsu_wydhfms1_001|yeonsu_wydhfmt1_001,10.25,0.017912298872611476,3.629170676448628,3.629170676448628,0.0,False,2,0.0,0.0,OK
S099,separated,bupyeong,2.4708837302899185,0.0,21,3.212148849376894,bupyeong_wydj79vk_001|bupyeong_wydj7des_001,1.0,0.15754677181046972,3.358338820107293,3.358338820107293,0.0,bupyeong_wydj7869_001|bupyeong_wydj79vk_001,1.75,1.333879883343017,5.287397008839754,5.145178887764351,0.14221812107540277,True,1,1.9290581887324612,42.857142857142854,OK
