od_id,group,n_candidates,pool_size,n_pairs,n_flip_pairs,flip_ratio,pool_Di_range,pool_Si_range
V000,adjacent,53,15,105,38,0.3619047619047619,2.0179775121011176,1.0
V001,adjacent,43,15,105,19,0.18095238095238095,1.7963887724399266,1.5
V002,adjacent,46,15,105,20,0.19047619047619047,1.3119390260591866,1.0
V003,adjacent,6,6,15,2,0.13333333333333333,1.4332835922797589,1.5
V004,adjacent,8,8,28,7,0.25,0.9644804594435148,1.0
V005,adjacent,95,15,105,11,0.10476190476190476,2.186120056684349,3.5
V006,adjacent,39,15,105,18,0.17142857142857143,2.2057686763733377,2.0
V007,adjacent,83,15,105,13,0.12380952380952381,0.9855420853648846,2.5
V008,adjacent,3,3,3,1,0.3333333333333333,0.9516854705643745,0.0
V009,adjacent,3,3,3,0,0.0,1.3877753758621494,0.0
V010,adjacent,47,15,105,21,0.2,2.118841368049861,1.5
V011,adjacent,106,15,105,19,0.18095238095238095,0.7301925809186303,2.5
V012,adjacent,6,6,15,3,0.2,1.1082786408753336,1.5
V013,adjacent,13,13,78,4,0.05128205128205128,2.0665652593364,1.5
V014,adjacent,79,15,105,22,0.20952380952380953,1.8498556422194259,3.5
V015,adjacent,52,15,105,7,0.06666666666666667,0.8666640847076992,3.5
V016,adjacent,5,5,10,2,0.2,0.37153036290401653,0.5
V017,adjacent,10,10,45,8,0.17777777777777778,2.204430170046247,1.0
V018,adjacent,8,8,28,1,0.03571428571428571,1.9764646596631446,2.0
V019,adjacent,47,15,105,20,0.19047619047619047,1.9693100096009974,1.5
V020,adjacent,144,15,105,8,0.0761904761904762,1.0058395402279876,2.5
V021,adjacent,6,6,15,2,0.13333333333333333,0.8816984368323055,1.5
V022,adjacent,13,13,78,12,0.15384615384615385,2.0936657248633868,1.5
V023,adjacent,93,15,105,29,0.2761904761904762,1.530346612588592,3.0
V024,adjacent,48,15,105,24,0.22857142857142856,1.8805025760812955,4.0
V025,adjacent,5,5,10,0,0.0,0.8352104595817655,0.5
V026,adjacent,3,3,3,2,0.6666666666666666,1.1788244168675206,0.0
V027,adjacent,9,9,36,1,0.027777777777777776,1.9747011168167212,2.0
V028,adjacent,47,15,105,19,0.18095238095238095,2.0274769174276295,1.5
V029,adjacent,81,15,105,17,0.1619047619047619,0.4666165623185474,2.5
V030,adjacent,11,11,55,17,0.3090909090909091,1.4477147339036145,2.5
V031,adjacent,35,15,105,19,0.18095238095238095,1.8461387925845854,1.5
V032,adjacent,81,15,105,14,0.13333333333333333,0.7857720492049856,3.0
V033,adjacent,7,7,21,12,0.5714285714285714,1.9413020690579887,1.5
V034,adjacent,18,15,105,25,0.23809523809523808,1.9162263978509912,2.5
V035,adjacent,4,4,6,2,0.3333333333333333,1.9875819292130457,0.0
V036,adjacent,22,15,105,20,0.19047619047619047,1.581621448381914,2.0
V037,adjacent,54,15,105,19,0.18095238095238095,1.9140397911028906,1.0
V038,adjacent,87,15,105,12,0.11428571428571428,1.0561220062519938,2.0
V039,adjacent,4,4,6,2,0.3333333333333333,1.1846900823363664,1.5
V040,adjacent,82,15,105,11,0.10476190476190476,1.3791060219133495,0.5
V041,adjacent,98,15,105,9,0.08571428571428572,2.084681271611345,2.5
V042,adjacent,50,15,105,14,0.13333333333333333,1.7670547595849282,3.5
V043,adjacent,3,3,3,0,0.0,0.994368086069795,0.0
V044,adjacent,3,3,3,1,0.3333333333333333,0.9040699297036281,0.0
V045,adjacent,6,6,15,1,0.06666666666666667,0.4240545447306676,0.0
V046,adjacent,47,15,105,19,0.18095238095238095,1.9025369971814245,1.5
V047,adjacent,129,15,105,7,0.06666666666666667,1.5455511857009148,2.5
V048,adjacent,3,3,3,1,0.3333333333333333,0.33101089922799254,1.0
V049,adjacent,50,15,105,29,0.2761904761904762,0.9062221263913588,2.0
V050,adjacent,102,15,105,8,0.0761904761904762,2.094811025475784,2.5
V051,adjacent,6,6,15,4,0.26666666666666666,1.713098206201724,1.5
V052,adjacent,8,8,28,6,0.21428571428571427,2.0766522049733513,2.5
V053,adjacent,9,9,36,8,0.2222222222222222,1.9994139681349576,1.0
V054,adjacent,25,15,105,19,0.18095238095238095,2.204260845612699,2.0
V055,adjacent,51,15,105,4,0.0380952380952381,2.014917096891466,1.0
V056,adjacent,140,15,105,22,0.20952380952380953,1.0281902264411977,2.5
V057,adjacent,6,6,15,6,0.4,1.160142457220843,1.5
V058,adjacent,5,5,10,0,0.0,1.7589638544245192,0.5
V059,adjacent,63,15,105,7,0.06666666666666667,1.599039441326584,1.5
V060,adjacent,10,10,45,10,0.2222222222222222,1.9038545610994524,1.5
V061,adjacent,62,15,105,12,0.11428571428571428,1.4295206746112576,1.0
V062,adjacent,3,3,3,1,0.3333333333333333,0.5519836558493241,0.0
V063,adjacent,10,10,45,3,0.06666666666666667,2.20360896889736,2.0
V064,adjacent,148,15,105,12,0.11428571428571428,1.6273333587159176,1.0
V065,adjacent,83,15,105,5,0.047619047619047616,1.6144976784974352,0.5
V066,adjacent,6,6,15,2,0.13333333333333333,1.5262251257641233,1.5
V067,adjacent,12,12,66,8,0.12121212121212122,2.154683821961264,1.5
V068,adjacent,105,15,105,14,0.13333333333333333,2.225089267779455,2.5
V069,adjacent,8,8,28,2,0.07142857142857142,1.5025579952708643,2.0
V070,adjacent,101,15,105,15,0.14285714285714285,1.9184655146070968,1.0
V071,adjacent,9,9,36,7,0.19444444444444445,2.0215243230786184,1.0
V072,adjacent,82,15,105,31,0.29523809523809524,1.3325541690763245,0.5
V073,adjacent,48,15,105,11,0.10476190476190476,2.1614391181760486,1.0
V074,adjacent,97,15,105,16,0.1523809523809524,1.8278332136494395,3.5
V075,adjacent,9,9,36,9,0.25,1.3422186563713423,2.5
V076,adjacent,5,5,10,0,0.0,1.4812454449511563,0.5
V077,adjacent,50,15,105,12,0.11428571428571428,0.7711142157520441,3.5
V078,adjacent,58,15,105,27,0.2571428571428571,2.1569153133960075,3.5
V079,adjacent,81,15,105,8,0.0761904761904762,0.6820906847408672,2.5
V080,adjacent,11,11,55,17,0.3090909090909091,2.0644101034965088,1.0
V081,adjacent,8,8,28,1,0.03571428571428571,1.2769774486676617,1.0
V082,adjacent,109,15,105,8,0.0761904761904762,1.5105963984855082,2.5
V083,adjacent,82,15,105,10,0.09523809523809523,0.7517638433307257,2.0
V084,adjacent,6,6,15,2,0.13333333333333333,0.8633353711360234,1.5
V085,adjacent,21,15,105,10,0.09523809523809523,0.7839625479248999,4.0
V086,adjacent,111,15,105,24,0.22857142857142856,2.2106150026593516,2.5
V087,adjacent,10,10,45,11,0.24444444444444444,1.8350050106632023,1.5
V088,adjacent,5,5,10,0,0.0,0.6198346569184388,0.5
V089,adjacent,10,10,45,8,0.17777777777777778,2.1412885373301345,1.0
V090,adjacent,6,6,15,4,0.26666666666666666,0.7180869399647265,1.0
V091,adjacent,47,15,105,23,0.21904761904761905,1.9776939238781672,1.5
V092,adjacent,71,15,105,13,0.12380952380952381,0.6461781448462443,2.0
V093,adjacent,11,11,55,17,0.3090909090909091,1.4275943261541761,2.5
V094,adjacent,17,15,105,13,0.12380952380952381,1.8508820390447407,1.5
V095,adjacent,130,15,105,9,0.08571428571428572,2.1957838707184,2.0
V096,adjacent,7,7,21,6,0.2857142857142857,1.541695825777731,1.5
V097,adjacent,12,12,66,11,0.16666666666666666,1.380460671470734,3.0
V098,adjacent,4,4,6,2,0.3333333333333333,2.041723231385542,0.0
V099,adjacent,5,5,10,2,0.2,1.7828784371543325,0.0
S000,separated,24,15,105,17,0.1619047619047619,2.1622493045341398,2.5
S001,separated,83,15,105,7,0.06666666666666667,1.7569503322452895,0.5
S002,separated,2,2,1,0,0.0,0.8986592101819815,0.0
S003,separated,8,8,28,2,0.07142857142857142,0.7401311303983125,1.5
S004,separated,2,2,1,0,0.0,1.1199075244579806,0.0
S005,separated,59,15,105,16,0.1523809523809524,2.1066132370860267,1.5
S006,separated,9,9,36,5,0.1388888888888889,1.6398704072158194,1.0
S007,separated,47,15,105,12,0.11428571428571428,2.0127815615980333,1.5
S008,separated,57,15,105,28,0.26666666666666666,1.7926783653725096,2.5
S009,separated,11,11,55,11,0.2,1.4609239637627207,1.5
S010,separated,168,15,105,0,0.0,1.677583761795415,0.0
S011,separated,4,4,6,0,0.0,0.33604179287163616,0.0
S012,separated,112,15,105,9,0.08571428571428572,1.8572193709690943,1.5
S013,separated,2,2,1,0,0.0,1.1866990397730008,0.0
S014,separated,71,15,105,9,0.08571428571428572,1.4750895341513335,1.5
S015,separated,29,15,105,23,0.21904761904761905,0.900917239010119,2.0
S016,separated,4,4,6,1,0.16666666666666666,0.5363053614432913,2.5
S017,separated,138,15,105,19,0.18095238095238095,2.06788859422758,3.5
S018,separated,77,15,105,3,0.02857142857142857,1.7595744944213552,2.5
S019,separated,102,15,105,2,0.01904761904761905,1.6477415744416057,0.5
S020,separated,5,5,10,0,0.0,1.6396462461189945,0.0
S021,separated,15,15,105,10,0.09523809523809523,2.2046534144006467,2.5
S022,separated,3,3,3,0,0.0,0.908425707355526,0.0
S023,separated,146,15,105,0,0.0,1.5749768152470356,0.0
S024,separated,3,3,3,0,0.0,1.441094471839727,1.0
S025,separated,45,15,105,27,0.2571428571428571,0.9689037035256378,1.5
S026,separated,128,15,105,34,0.3238095238095238,1.2740816647365594,4.0
S027,separated,18,15,105,19,0.18095238095238095,2.1350211778182304,2.5
S028,separated,160,15,105,4,0.0380952380952381,2.1193802295687334,0.5
S029,separated,7,7,21,0,0.0,1.5660846917379718,0.0
S030,separated,5,5,10,2,0.2,0.289468988347203,1.0
S031,separated,3,3,3,0,0.0,1.8411332564973266,0.0
S032,separated,57,15,105,8,0.0761904761904762,1.8661019710151945,1.5
S033,separated,7,7,21,2,0.09523809523809523,1.306094417022971,1.5
S034,separated,40,15,105,9,0.08571428571428572,2.129984203670038,1.5
S035,separated,84,15,105,9,0.08571428571428572,0.6755126533531728,2.5
S036,separated,11,11,55,2,0.03636363636363636,2.075423468947944,0.5
S037,separated,169,15,105,4,0.0380952380952381,1.8755173944195107,0.5
S038,separated,3,3,3,0,0.0,1.617547418770099,0.0
S039,separated,41,15,105,29,0.2761904761904762,1.7568305505992,3.0
S040,separated,35,15,105,20,0.19047619047619047,2.020842664184057,2.0
S041,separated,151,15,105,4,0.0380952380952381,1.9954566462303367,0.5
S042,separated,7,7,21,0,0.0,1.0246328718233402,1.5
S043,separated,3,3,3,2,0.6666666666666666,0.3486327492973489,1.0
S044,separated,145,15,105,13,0.12380952380952381,1.6027006882181691,3.5
S045,separated,18,15,105,3,0.02857142857142857,2.0758471952565682,1.5
S046,separated,84,15,105,11,0.10476190476190476,1.8034593279571889,0.5
S047,separated,12,12,66,7,0.10606060606060606,2.207824913533222,1.0
S048,separated,62,15,105,22,0.20952380952380953,1.4180901222792466,2.0
S049,separated,2,2,1,0,0.0,0.8223523379021715,0.0
S050,separated,96,15,105,7,0.06666666666666667,2.212676935448904,0.5
S051,separated,35,15,105,22,0.20952380952380953,1.6557523358881054,2.0
S052,separated,25,15,105,12,0.11428571428571428,1.651070515562823,2.5
S053,separated,183,15,105,4,0.0380952380952381,1.286809668750378,3.5
S054,separated,36,15,105,20,0.19047619047619047,2.106878542468947,2.0
S055,separated,81,15,105,3,0.02857142857142857,2.0872384904200674,0.5
S056,separated,2,2,1,0,0.0,0.5475428676540739,0.0
S057,separated,53,15,105,17,0.1619047619047619,1.5370425040374394,2.5
S058,separated,2,2,1,0,0.0,1.7329014203552848,0.0
S059,separated,112,15,105,10,0.09523809523809523,2.2072938382191585,0.5
S060,separated,92,15,105,5,0.047619047619047616,1.4301804095603035,2.5
S061,separated,28,15,105,18,0.17142857142857143,0.9525730534121903,2.5
S062,separated,122,15,105,18,0.17142857142857143,1.0555263951523814,3.5
S063,separated,128,15,105,10,0.09523809523809523,2.1342741499551456,1.0
S064,separated,99,15,105,7,0.06666666666666667,2.2377334525257084,0.5
S065,separated,3,3,3,0,0.0,1.4212462863352648,0.0
S066,separated,88,15,105,13,0.12380952380952381,1.2514103190138863,3.0
S067,separated,2,2,1,0,0.0,0.6198147500121087,0.0
S068,separated,60,15,105,14,0.13333333333333333,1.3902413884990972,4.0
S069,separated,4,4,6,2,0.3333333333333333,0.43384577527709123,0.5
S070,separated,4,4,6,1,0.16666666666666666,1.1751041166473897,1.0
S071,separated,40,15,105,24,0.22857142857142856,1.700318729651685,3.0
S072,separated,32,15,105,22,0.20952380952380953,1.3110646589949235,3.5
S073,separated,202,15,105,9,0.08571428571428572,2.1740232950182063,0.5
S074,separated,5,5,10,0,0.0,1.1297253076067824,0.0
S075,separated,100,15,105,11,0.10476190476190476,1.961628735556764,1.5
S076,separated,2,2,1,0,0.0,0.3175701655514196,0.0
S077,separated,157,15,105,9,0.08571428571428572,1.2157640068773867,0.5
S078,separated,3,3,3,0,0.0,0.2867545633961708,0.0
S079,separated,29,15,105,36,0.34285714285714286,1.4494973043653143,2.5
S080,separated,70,15,105,12,0.11428571428571428,1.934076742343358,2.5
S081,separated,19,15,105,9,0.08571428571428572,2.1200891596108704,1.5
S082,separated,96,15,105,30,0.2857142857142857,1.515892400338645,0.5
S083,separated,3,3,3,0,0.0,0.9817931541950786,0.0
S084,separated,24,15,105,24,0.22857142857142856,1.1549457728132677,3.5
S085,separated,3,3,3,0,0.0,0.5994508606465052,0.0
S086,separated,57,15,105,6,0.05714285714285714,2.1810961412229886,1.5
S087,separated,7,7,21,8,0.38095238095238093,0.9699681702635283,1.5
S088,separated,30,15,105,18,0.17142857142857143,0.5680697614585943,2.5
S089,separated,111,15,105,6,0.05714285714285714,0.9393547834119422,3.5
S090,separated,25,15,105,4,0.0380952380952381,2.0856196980958748,1.5
S091,separated,59,15,105,8,0.0761904761904762,1.9523113068393934,0.5
S092,separated,7,7,21,0,0.0,1.6931797487801203,0.0
S093,separated,34,15,105,24,0.22857142857142856,1.0524959581421602,3.5
S094,separated,3,3,3,0,0.0,1.5497434670251917,0.0
S095,separated,36,15,105,8,0.0761904761904762,2.0693320908917774,1.0
S096,separated,25,15,105,10,0.09523809523809523,1.579543848015498,1.5
S097,separated,97,15,105,6,0.05714285714285714,1.1666451589635254,0.5
S098,separated,191,15,105,9,0.08571428571428572,0.6637922536560561,3.5
S099,separated,21,15,105,16,0.1523809523809524,2.039702039234138,1.5
