od_id,group,district_label,m1,m2,m3,nearest_m,direct_km,n_cand_labeled,fallback_labeled,ok_labeled,meanSi_labeled,n_cand_m1,fallback_m1,ok_m1,meanSi_m1,n_cand_m2,fallback_m2,ok_m2,meanSi_m2,n_cand_m3,fallback_m3,ok_m3,meanSi_m3,n_cand_nofilter,fallback_nofilter,ok_nofilter,meanSi_nofilter,same_m1,ncommon_m1,same_m2,ncommon_m2,same_m3,ncommon_m3,same_nofilter,ncommon_nofilter
V002,adjacent,michuhol,yeonsu,yeonsu,yeonsu,923.7409089840666,2.003511180985517,43,False,True,3.25,2,False,True,3.5,2,False,True,3.5,2,False,True,3.5,46,False,True,3.25,False,0,False,0,False,0,True,2
V010,adjacent,donggu,junggu,junggu,junggu,97.41050714843763,1.8031509880865395,23,False,True,2.75,24,False,True,3.0,24,False,True,3.0,24,False,True,3.0,47,False,True,3.0,False,0,False,0,False,0,False,0
V014,adjacent,bupyeong,gyeyang,gyeyang,gyeyang,136.17629256790195,3.2456730665162428,17,False,True,1.0,62,False,True,6.0,62,False,True,6.0,62,False,True,6.0,79,False,True,6.0,False,0,False,0,False,0,False,0
V020,adjacent,michuhol,seogu,seogu,seogu,119.09424584602449,3.5261434923521855,60,False,True,3.5,80,False,True,7.0,80,False,True,7.0,80,False,True,7.0,144,False,True,7.0,False,0,False,0,False,0,False,0
V023,adjacent,bupyeong,gyeyang,gyeyang,gyeyang,34.280666087973295,3.365893394640313,17,False,True,1.0,76,False,True,6.75,76,False,True,6.75,76,False,True,6.75,93,False,True,6.75,False,0,False,0,False,0,False,0
V027,adjacent,junggu,junggu,michuhol,junggu,440.83689361000194,2.083657441517499,4,False,True,1.0,4,False,True,1.0,5,False,True,2.75,4,False,True,1.0,9,False,True,2.75,True,2,False,0,True,2,False,0
V031,adjacent,namdong,bupyeong,bupyeong,bupyeong,316.71388850785985,1.6428770326495743,28,False,True,2.5,6,False,True,1.25,6,False,True,1.25,6,False,True,1.25,35,False,True,2.5,False,0,False,0,False,0,True,2
V032,adjacent,bupyeong,michuhol,michuhol,michuhol,197.81683185972568,2.4443442647393074,7,False,True,2.75,47,False,True,2.5,47,False,True,2.5,47,False,True,2.5,81,False,True,7.0,False,0,False,0,False,0,False,0
V040,adjacent,namdong,bupyeong,bupyeong,bupyeong,201.70020487218022,2.48435642969452,3,False,True,1.0,5,False,True,2.25,5,False,True,2.25,5,False,True,2.25,82,False,True,3.5,False,0,False,0,False,0,False,0
V041,adjacent,bupyeong,bupyeong,gyeyang,bupyeong,173.49506924066566,2.524390154799241,6,False,True,1.0,6,False,True,1.0,92,False,True,6.75,6,False,True,1.0,98,False,True,6.75,True,2,False,0,True,2,False,0
V047,adjacent,michuhol,seogu,seogu,seogu,180.32976655813536,3.2055916932128357,57,False,True,3.5,68,False,True,7.0,68,False,True,7.0,68,False,True,7.0,129,False,True,7.0,False,0,False,0,False,0,False,0
V050,adjacent,bupyeong,seogu,seogu,seogu,200.5399634710183,3.0052677448208143,6,False,True,2.75,56,False,True,7.0,56,False,True,7.0,56,False,True,7.0,102,False,True,7.0,False,0,False,0,False,0,False,0
V055,adjacent,donggu,junggu,junggu,junggu,121.31967424882177,2.2839814315799845,27,False,True,2.75,24,False,True,3.0,24,False,True,3.0,24,False,True,3.0,51,False,True,3.25,False,0,False,0,False,0,False,1
V056,adjacent,michuhol,donggu,donggu,donggu,62.934131913047764,3.926753429383889,28,False,True,3.0,27,False,True,3.25,27,False,True,3.25,27,False,True,3.25,140,False,True,7.0,False,0,False,0,False,0,False,0
V059,adjacent,bupyeong,seogu,seogu,seogu,307.32919205760567,2.1637827060344863,5,False,True,1.25,39,False,True,5.0,39,False,True,5.0,39,False,True,5.0,63,False,True,5.0,False,0,False,0,False,0,False,0
V068,adjacent,bupyeong,bupyeong,gyeyang,bupyeong,275.9376488165164,2.804852075451973,5,False,True,1.0,5,False,True,1.0,100,False,True,6.75,5,False,True,1.0,105,False,True,6.75,True,2,False,0,True,2,False,0
V073,adjacent,donggu,junggu,junggu,junggu,92.22762922684643,2.4042411660893492,23,False,True,2.75,25,False,True,3.25,25,False,True,3.25,25,False,True,3.25,48,False,True,3.25,False,0,False,0,False,0,False,1
V077,adjacent,bupyeong,gyeyang,gyeyang,gyeyang,122.61348848050555,2.4843441622409905,7,False,True,1.5,43,False,True,6.25,43,False,True,6.25,43,False,True,6.25,50,False,True,6.25,False,0,False,0,False,0,False,0
V082,adjacent,donggu,seogu,seogu,seogu,37.137739977169346,3.2455648896561167,19,False,True,2.75,68,False,True,7.0,68,False,True,7.0,68,False,True,7.0,109,False,True,7.0,False,0,False,0,False,0,False,0
V083,adjacent,michuhol,yeonsu,yeonsu,yeonsu,437.977899416634,2.324060845265705,53,False,True,3.5,29,False,True,6.75,29,False,True,6.75,29,False,True,6.75,82,False,True,6.75,False,0,False,0,False,0,False,0
V085,adjacent,namdong,yeonsu,yeonsu,yeonsu,719.9979839315292,3.365919521018054,11,False,True,1.0,10,False,True,4.75,10,False,True,4.75,10,False,True,4.75,21,False,True,4.75,False,0,False,0,False,0,False,0
V091,adjacent,donggu,junggu,junggu,junggu,62.41518449942692,2.1237288208526266,23,False,True,2.75,24,False,True,3.25,24,False,True,3.25,24,False,True,3.25,47,False,True,3.25,False,0,False,0,False,0,False,0
V092,adjacent,michuhol,yeonsu,yeonsu,yeonsu,794.658246012046,2.243949199824158,41,False,True,3.25,30,False,True,6.75,30,False,True,6.75,30,False,True,6.75,71,False,True,6.75,False,0,False,0,False,0,False,0
S001,separated,donggu,donggu,junggu,junggu,130.62424582896756,1.1051309260804092,24,False,True,2.75,24,False,True,2.75,36,False,True,3.5,36,False,True,3.5,83,False,True,3.5,True,2,False,0,False,0,False,0
S014,separated,michuhol,namdong,namdong,namdong,276.2481869876829,1.3359294020277048,44,False,True,3.75,26,False,True,2.75,26,False,True,2.75,26,False,True,2.75,71,False,True,3.75,False,0,False,0,False,0,True,2
S019,separated,donggu,junggu,junggu,junggu,152.10442813212896,1.5228437814744695,32,False,True,2.75,49,False,True,3.5,49,False,True,3.5,49,False,True,3.5,102,False,True,3.5,False,0,False,0,False,0,False,0
S032,separated,michuhol,namdong,namdong,namdong,123.92187332560736,1.1130026151503596,44,False,True,3.75,13,False,True,2.75,13,False,True,2.75,13,False,True,2.75,57,False,True,3.75,False,0,False,0,False,0,True,2
S037,separated,donggu,michuhol,michuhol,michuhol,467.8706033006254,3.658054803813155,8,False,True,2.75,156,False,True,3.5,156,False,True,3.5,156,False,True,3.5,169,False,True,3.5,False,0,False,0,False,0,False,0
S046,separated,donggu,michuhol,michuhol,michuhol,405.18875533640255,1.1579630778015302,22,False,True,3.25,34,False,True,3.25,34,False,True,3.25,34,False,True,3.25,84,False,True,3.25,False,0,False,0,False,0,False,0
S055,separated,donggu,junggu,junggu,junggu,276.63111652157517,1.2592185682670736,27,False,True,2.75,53,False,True,3.5,53,False,True,3.5,53,False,True,3.5,81,False,True,3.5,False,0,False,0,False,0,False,0
S063,separated,bupyeong,namdong,namdong,namdong,250.84086635243025,3.9346079025454794,6,False,True,2.25,97,False,True,3.0,97,False,True,3.0,97,False,True,3.0,128,False,True,3.0,False,0,False,0,False,0,False,0
