od_id,group,district,margin_target_m,od_margin_m,direct_km,chord_m,n_candidates,n_avoid_in_buffer,gamma,k_requested,k_effective,orig_cross_m,v2_cross_m,diff_m,orig_dist_km,v2_dist_km,dist_delta_km,orig_cross_ratio_pct,v2_cross_ratio_pct,n_swaps,hard_case,best_from_attempt
S000,separated,bupyeong,651,651.6054128177253,1.1763405219313912,0.0,24,1,1.0,4,4,0.0,0.0,0.0,6.19,6.19,0.0,0.0,0.0,0,False,0
S001,separated,donggu,995,995.3807883839444,1.1051309260804092,0.0,83,0,1.0,4,4,0.0,0.0,0.0,3.788,3.788,0.0,0.0,0.0,0,False,0
S002,separated,ganghwa,9705,9705.778443305053,1.9385596655739539,0.0,2,0,1.0,4,2,0.0,0.0,0.0,3.859,3.859,0.0,0.0,0.0,0,False,0
S003,separated,gyeyang,2241,2241.284224480561,2.7987793861058,0.0,8,0,1.0,4,4,0.0,0.0,0.0,7.122,7.122,0.0,0.0,0.0,0,False,0
S004,separated,junggu,7944,7944.631146814266,2.833668569322798,0.0,2,0,1.0,4,2,0.0,0.0,0.0,6.114,6.114,0.0,0.0,0.0,0,False,0
S005,separated,michuhol,1918,1918.6173126954322,1.9657539737573488,0.0,59,0,1.0,4,4,0.0,0.0,0.0,6.124,6.124,0.0,0.0,0.0,0,False,0
S007,separated,seogu,2524,2524.6387781058565,3.8165988049144945,0.0,47,0,1.0,4,4,0.0,0.0,0.0,11.597,11.597,0.0,0.0,0.0,0,False,0
S008,separated,yeonsu,639,639.304730329281,3.4579437721618653,0.0,57,1,1.0,4,4,0.0,0.0,0.0,13.402,13.402,0.0,0.0,0.0,0,False,0
S009,separated,bupyeong,1279,1279.8870610141898,1.2815928496015223,0.0,11,0,1.0,4,4,0.0,0.0,0.0,4.232,4.232,0.0,0.0,0.0,0,False,0
S010,separated,donggu,949,949.8019613240263,2.8920785900697585,0.0,168,0,1.0,4,4,0.0,0.0,0.0,5.787,5.787,0.0,0.0,0.0,0,False,0
S011,separated,ganghwa,6629,6629.142191513313,2.0260483787230354,0.0,4,0,1.0,4,4,0.0,0.0,0.0,12.042,12.042,0.0,0.0,0.0,0,False,0
S012,separated,gyeyang,2304,2304.4589250624413,3.258325626033754,0.0,112,0,1.0,4,4,0.0,0.0,0.0,5.265,5.265,0.0,0.0,0.0,0,False,0
S014,separated,michuhol,1425,1425.9227935795768,1.3359294020277048,0.0,71,0,1.0,4,4,0.0,0.0,0.0,3.858,3.858,0.0,0.0,0.0,0,False,0
S015,separated,namdong,1032,1032.105700711783,2.367891055221285,0.0,29,0,1.0,4,4,0.0,0.0,0.0,13.612,13.612,0.0,0.0,0.0,0,False,0
S016,separated,seogu,3393,3393.4102540399354,1.1383317935155006,0.0,4,0,1.0,4,4,0.0,0.0,0.0,4.993,4.993,0.0,0.0,0.0,0,False,0
S017,separated,yeonsu,1448,1448.2290759083503,2.371249651533132,0.0,138,1,1.0,4,4,0.0,0.0,0.0,10.833,10.833,0.0,0.0,0.0,0,False,0
S018,separated,bupyeong,1125,1125.1199153251237,2.39519362491788,0.0,77,5,1.0,4,4,0.0,0.0,0.0,5.133,5.133,0.0,0.0,0.0,0,False,0
S019,separated,donggu,778,778.3793860003833,1.5228437814744695,0.0,102,1,1.0,4,4,0.0,0.0,0.0,2.531,2.531,0.0,0.0,0.0,0,False,0
S020,separated,ganghwa,10123,10123.541179166465,3.9155802336689174,0.0,5,0,1.0,4,4,0.0,0.0,0.0,14.91,14.91,0.0,0.0,0.0,0,False,0
S021,separated,gyeyang,3657,3657.0231407178007,1.515348084583359,0.0,15,0,1.0,4,4,0.0,0.0,0.0,6.405,6.405,0.0,0.0,0.0,0,False,0
S022,separated,junggu,8549,8549.391144681862,1.5470721452724847,0.0,3,0,1.0,4,3,0.0,0.0,0.0,6.749,6.749,0.0,0.0,0.0,0,False,0
S023,separated,michuhol,835,835.6902511937069,2.660665007417653,0.0,146,1,1.0,4,4,0.0,0.0,0.0,8.553,8.553,0.0,0.0,0.0,0,False,0
S024,separated,namdong,2360,2360.93799789723,3.2963923157807336,0.0,3,0,1.0,4,3,0.0,0.0,0.0,10.132,10.132,0.0,0.0,0.0,0,False,0
